{
  "0": {
    "precision": 0.9683794466403162,
    "recall": 0.9551656920077972,
    "f1-score": 0.9617271835132484,
    "support": 513
  },
  "1": {
    "precision": 0.9560229445506692,
    "recall": 0.9689922480620154,
    "f1-score": 0.9624639076034648,
    "support": 516
  },
  "accuracy": 0.9620991253644315,
  "macro avg": {
    "precision": 0.9622011955954927,
    "recall": 0.9620789700349064,
    "f1-score": 0.9620955455583566,
    "support": 1029
  },
  "weighted avg": {
    "precision": 0.962183183201776,
    "recall": 0.9620991253644315,
    "f1-score": 0.9620966195001791,
    "support": 1029
  }
}