{
  "0": {
    "precision": 0.2222222222222222,
    "recall": 0.13333333333333333,
    "f1-score": 0.16666666666666669,
    "support": 15
  },
  "1": {
    "precision": 0.5833333333333334,
    "recall": 0.23333333333333334,
    "f1-score": 0.33333333333333337,
    "support": 30
  },
  "2": {
    "precision": 0.38095238095238093,
    "recall": 0.5333333333333333,
    "f1-score": 0.4444444444444444,
    "support": 15
  },
  "3": {
    "precision": 0.25,
    "recall": 0.5714285714285714,
    "f1-score": 0.34782608695652173,
    "support": 14
  },
  "accuracy": 0.33783783783783783,
  "macro avg": {
    "precision": 0.35912698412698413,
    "recall": 0.3678571428571429,
    "f1-score": 0.32306763285024154,
    "support": 74
  },
  "weighted avg": {
    "precision": 0.406048906048906,
    "recall": 0.33783783783783783,
    "f1-score": 0.3248139443791618,
    "support": 74
  }
}