{
  "0": {
    "precision": 0.7674418604651163,
    "recall": 0.9166666666666666,
    "f1-score": 0.8354430379746837,
    "support": 36
  },
  "1": {
    "precision": 0.9473684210526315,
    "recall": 0.84375,
    "f1-score": 0.8925619834710744,
    "support": 64
  },
  "accuracy": 0.87,
  "macro avg": {
    "precision": 0.8574051407588739,
    "recall": 0.8802083333333333,
    "f1-score": 0.864002510722879,
    "support": 100
  },
  "weighted avg": {
    "precision": 0.8825948592411259,
    "recall": 0.87,
    "f1-score": 0.8719991630923738,
    "support": 100
  }
}