{
  "0": {
    "precision": 0.3333333333333333,
    "recall": 0.06666666666666667,
    "f1-score": 0.1111111111111111,
    "support": 15
  },
  "1": {
    "precision": 0.5666666666666667,
    "recall": 0.5666666666666667,
    "f1-score": 0.5666666666666667,
    "support": 30
  },
  "2": {
    "precision": 0.29411764705882354,
    "recall": 0.3333333333333333,
    "f1-score": 0.3125,
    "support": 15
  },
  "3": {
    "precision": 0.3333333333333333,
    "recall": 0.5714285714285714,
    "f1-score": 0.4210526315789474,
    "support": 14
  },
  "accuracy": 0.4189189189189189,
  "macro avg": {
    "precision": 0.3818627450980392,
    "recall": 0.3845238095238095,
    "f1-score": 0.3528326023391813,
    "support": 74
  },
  "weighted avg": {
    "precision": 0.4199788023317435,
    "recall": 0.4189189189189189,
    "f1-score": 0.3952554528212423,
    "support": 74
  }
}