{
  "0": {
    "precision": 0.896551724137931,
    "recall": 0.7222222222222222,
    "f1-score": 0.7999999999999999,
    "support": 36
  },
  "1": {
    "precision": 0.8591549295774648,
    "recall": 0.953125,
    "f1-score": 0.9037037037037037,
    "support": 64
  },
  "accuracy": 0.87,
  "macro avg": {
    "precision": 0.8778533268576979,
    "recall": 0.8376736111111112,
    "f1-score": 0.8518518518518519,
    "support": 100
  },
  "weighted avg": {
    "precision": 0.8726177756192325,
    "recall": 0.87,
    "f1-score": 0.8663703703703703,
    "support": 100
  }
}