{
  "0": {
    "precision": 1.0,
    "recall": 0.027777777777777776,
    "f1-score": 0.05405405405405406,
    "support": 36
  },
  "1": {
    "precision": 0.6464646464646465,
    "recall": 1.0,
    "f1-score": 0.7852760736196319,
    "support": 64
  },
  "accuracy": 0.65,
  "macro avg": {
    "precision": 0.8232323232323233,
    "recall": 0.5138888888888888,
    "f1-score": 0.419665063836843,
    "support": 100
  },
  "weighted avg": {
    "precision": 0.7737373737373738,
    "recall": 0.65,
    "f1-score": 0.5220361465760238,
    "support": 100
  }
}