{
  "0": {
    "precision": 0.7804878048780488,
    "recall": 0.8888888888888888,
    "f1-score": 0.8311688311688312,
    "support": 36
  },
  "1": {
    "precision": 0.9322033898305084,
    "recall": 0.859375,
    "f1-score": 0.8943089430894309,
    "support": 64
  },
  "accuracy": 0.87,
  "macro avg": {
    "precision": 0.8563455973542786,
    "recall": 0.8741319444444444,
    "f1-score": 0.862738887129131,
    "support": 100
  },
  "weighted avg": {
    "precision": 0.8775857792476229,
    "recall": 0.87,
    "f1-score": 0.871578502798015,
    "support": 100
  }
}