{
  "0": {
    "precision": 0.39285714285714285,
    "recall": 0.9166666666666666,
    "f1-score": 0.55,
    "support": 36
  },
  "1": {
    "precision": 0.8125,
    "recall": 0.203125,
    "f1-score": 0.325,
    "support": 64
  },
  "accuracy": 0.46,
  "macro avg": {
    "precision": 0.6026785714285714,
    "recall": 0.5598958333333333,
    "f1-score": 0.4375,
    "support": 100
  },
  "weighted avg": {
    "precision": 0.6614285714285714,
    "recall": 0.46,
    "f1-score": 0.406,
    "support": 100
  }
}