{
  "0": {
    "precision": 0.8947368421052632,
    "recall": 0.4722222222222222,
    "f1-score": 0.6181818181818182,
    "support": 36
  },
  "1": {
    "precision": 0.7654320987654321,
    "recall": 0.96875,
    "f1-score": 0.8551724137931034,
    "support": 64
  },
  "accuracy": 0.79,
  "macro avg": {
    "precision": 0.8300844704353476,
    "recall": 0.7204861111111112,
    "f1-score": 0.7366771159874608,
    "support": 100
  },
  "weighted avg": {
    "precision": 0.8119818063677713,
    "recall": 0.79,
    "f1-score": 0.7698557993730407,
    "support": 100
  }
}