{
  "0": {
    "precision": 0.42857142857142855,
    "recall": 0.2,
    "f1-score": 0.27272727272727276,
    "support": 15
  },
  "1": {
    "precision": 0.7142857142857143,
    "recall": 0.5,
    "f1-score": 0.588235294117647,
    "support": 30
  },
  "2": {
    "precision": 0.3888888888888889,
    "recall": 0.4666666666666667,
    "f1-score": 0.42424242424242425,
    "support": 15
  },
  "3": {
    "precision": 0.2857142857142857,
    "recall": 0.5714285714285714,
    "f1-score": 0.38095238095238093,
    "support": 14
  },
  "accuracy": 0.44594594594594594,
  "macro avg": {
    "precision": 0.4543650793650793,
    "recall": 0.4345238095238095,
    "f1-score": 0.41653934300993123,
    "support": 74
  },
  "weighted avg": {
    "precision": 0.5093307593307593,
    "recall": 0.44594594594594594,
    "f1-score": 0.45182348123524585,
    "support": 74
  }
}