{
  "0": {
    "precision": 0.4444444444444444,
    "recall": 0.1111111111111111,
    "f1-score": 0.17777777777777776,
    "support": 36
  },
  "1": {
    "precision": 0.6483516483516484,
    "recall": 0.921875,
    "f1-score": 0.7612903225806452,
    "support": 64
  },
  "accuracy": 0.63,
  "macro avg": {
    "precision": 0.5463980463980465,
    "recall": 0.5164930555555556,
    "f1-score": 0.46953405017921146,
    "support": 100
  },
  "weighted avg": {
    "precision": 0.574945054945055,
    "recall": 0.63,
    "f1-score": 0.5512258064516129,
    "support": 100
  }
}