{
  "0": {
    "precision": 0.5636766334440753,
    "recall": 0.9922027290448343,
    "f1-score": 0.7189265536723164,
    "support": 513.0
  },
  "1": {
    "precision": 0.9682539682539683,
    "recall": 0.2364341085271318,
    "f1-score": 0.38006230529595014,
    "support": 516.0
  },
  "accuracy": 0.6132167152575316,
  "macro avg": {
    "precision": 0.7659653008490217,
    "recall": 0.614318418785983,
    "f1-score": 0.5494944294841333,
    "support": 1029.0
  },
  "weighted avg": {
    "precision": 0.7665550637277534,
    "recall": 0.6132167152575316,
    "f1-score": 0.5490004582765876,
    "support": 1029.0
  }
}