{
  "0": {
    "precision": 0.2631578947368421,
    "recall": 0.3333333333333333,
    "f1-score": 0.29411764705882354,
    "support": 15
  },
  "1": {
    "precision": 1.0,
    "recall": 0.06666666666666667,
    "f1-score": 0.125,
    "support": 30
  },
  "2": {
    "precision": 0.2972972972972973,
    "recall": 0.7333333333333333,
    "f1-score": 0.42307692307692313,
    "support": 15
  },
  "3": {
    "precision": 0.25,
    "recall": 0.2857142857142857,
    "f1-score": 0.26666666666666666,
    "support": 14
  },
  "accuracy": 0.2972972972972973,
  "macro avg": {
    "precision": 0.45261379800853485,
    "recall": 0.3547619047619047,
    "f1-score": 0.27721530920060333,
    "support": 74
  },
  "weighted avg": {
    "precision": 0.566308484871785,
    "recall": 0.2972972972972973,
    "f1-score": 0.24650340385634503,
    "support": 74
  }
}