{
  "0": {
    "precision": 0.8421052631578947,
    "recall": 0.8888888888888888,
    "f1-score": 0.8648648648648649,
    "support": 36
  },
  "1": {
    "precision": 0.9354838709677419,
    "recall": 0.90625,
    "f1-score": 0.9206349206349206,
    "support": 64
  },
  "accuracy": 0.9,
  "macro avg": {
    "precision": 0.8887945670628183,
    "recall": 0.8975694444444444,
    "f1-score": 0.8927498927498927,
    "support": 100
  },
  "weighted avg": {
    "precision": 0.901867572156197,
    "recall": 0.9,
    "f1-score": 0.9005577005577006,
    "support": 100
  }
}