{
  "0": {
    "precision": 0.36363636363636365,
    "recall": 0.26666666666666666,
    "f1-score": 0.30769230769230765,
    "support": 15
  },
  "1": {
    "precision": 0.5294117647058824,
    "recall": 0.3,
    "f1-score": 0.3829787234042553,
    "support": 30
  },
  "2": {
    "precision": 0.2631578947368421,
    "recall": 0.3333333333333333,
    "f1-score": 0.29411764705882354,
    "support": 15
  },
  "3": {
    "precision": 0.2222222222222222,
    "recall": 0.42857142857142855,
    "f1-score": 0.29268292682926833,
    "support": 14
  },
  "accuracy": 0.32432432432432434,
  "macro avg": {
    "precision": 0.3446070613253276,
    "recall": 0.33214285714285713,
    "f1-score": 0.3193679012461637,
    "support": 74
  },
  "weighted avg": {
    "precision": 0.3837213233498063,
    "recall": 0.32432432432432434,
    "f1-score": 0.33262259458114035,
    "support": 74
  }
}