{
  "0": {
    "precision": 0.9718875502008032,
    "recall": 0.9434697855750487,
    "f1-score": 0.9574678536102869,
    "support": 513
  },
  "1": {
    "precision": 0.9453860640301318,
    "recall": 0.9728682170542635,
    "f1-score": 0.9589302769818527,
    "support": 516
  },
  "accuracy": 0.9582118561710399,
  "macro avg": {
    "precision": 0.9586368071154675,
    "recall": 0.9581690013146561,
    "f1-score": 0.9581990652960698,
    "support": 1029
  },
  "weighted avg": {
    "precision": 0.9585981752114286,
    "recall": 0.9582118561710399,
    "f1-score": 0.9582011971085648,
    "support": 1029
  }
}