{
  "0": {
    "precision": 0.0,
    "recall": 0.0,
    "f1-score": 0.0,
    "support": 15
  },
  "1": {
    "precision": 0.3333333333333333,
    "recall": 0.13333333333333333,
    "f1-score": 0.19047619047619044,
    "support": 30
  },
  "2": {
    "precision": 0.2962962962962963,
    "recall": 0.5333333333333333,
    "f1-score": 0.38095238095238093,
    "support": 15
  },
  "3": {
    "precision": 0.13333333333333333,
    "recall": 0.2857142857142857,
    "f1-score": 0.18181818181818182,
    "support": 14
  },
  "accuracy": 0.21621621621621623,
  "macro avg": {
    "precision": 0.1907407407407407,
    "recall": 0.23809523809523808,
    "f1-score": 0.18831168831168832,
    "support": 74
  },
  "weighted avg": {
    "precision": 0.2204204204204204,
    "recall": 0.21621621621621623,
    "f1-score": 0.18883818883818881,
    "support": 74
  }
}