{
  "0": {
    "precision": 0.5,
    "recall": 0.06666666666666667,
    "f1-score": 0.11764705882352941,
    "support": 15
  },
  "1": {
    "precision": 0.5862068965517241,
    "recall": 0.5666666666666667,
    "f1-score": 0.576271186440678,
    "support": 30
  },
  "2": {
    "precision": 0.35294117647058826,
    "recall": 0.4,
    "f1-score": 0.37500000000000006,
    "support": 15
  },
  "3": {
    "precision": 0.2692307692307692,
    "recall": 0.5,
    "f1-score": 0.35000000000000003,
    "support": 14
  },
  "accuracy": 0.4189189189189189,
  "macro avg": {
    "precision": 0.4270947105632704,
    "recall": 0.3833333333333333,
    "f1-score": 0.3547295613160519,
    "support": 74
  },
  "weighted avg": {
    "precision": 0.4614804772005583,
    "recall": 0.4189189189189189,
    "f1-score": 0.39970056048072,
    "support": 74
  }
}