{
  "0": {
    "precision": 0.25,
    "recall": 0.2,
    "f1-score": 0.22222222222222224,
    "support": 15
  },
  "1": {
    "precision": 0.45454545454545453,
    "recall": 0.3333333333333333,
    "f1-score": 0.3846153846153846,
    "support": 30
  },
  "2": {
    "precision": 0.3333333333333333,
    "recall": 0.3333333333333333,
    "f1-score": 0.3333333333333333,
    "support": 15
  },
  "3": {
    "precision": 0.16,
    "recall": 0.2857142857142857,
    "f1-score": 0.20512820512820512,
    "support": 14
  },
  "accuracy": 0.2972972972972973,
  "macro avg": {
    "precision": 0.29946969696969694,
    "recall": 0.28809523809523807,
    "f1-score": 0.2863247863247863,
    "support": 74
  },
  "weighted avg": {
    "precision": 0.3327886977886978,
    "recall": 0.2972972972972973,
    "f1-score": 0.3073458073458073,
    "support": 74
  }
}