{
  "0": {
    "precision": 0.5,
    "recall": 0.06666666666666667,
    "f1-score": 0.11764705882352941,
    "support": 15
  },
  "1": {
    "precision": 0.5909090909090909,
    "recall": 0.43333333333333335,
    "f1-score": 0.5,
    "support": 30
  },
  "2": {
    "precision": 0.2608695652173913,
    "recall": 0.4,
    "f1-score": 0.31578947368421056,
    "support": 15
  },
  "3": {
    "precision": 0.25925925925925924,
    "recall": 0.5,
    "f1-score": 0.3414634146341463,
    "support": 14
  },
  "accuracy": 0.36486486486486486,
  "macro avg": {
    "precision": 0.40275947884643537,
    "recall": 0.35,
    "f1-score": 0.31872498678547156,
    "support": 74
  },
  "weighted avg": {
    "precision": 0.44283710588058417,
    "recall": 0.36486486486486486,
    "f1-score": 0.3551626458445155,
    "support": 74
  }
}