{
  "0": {
    "precision": 0.2,
    "recall": 0.06666666666666667,
    "f1-score": 0.1,
    "support": 15
  },
  "1": {
    "precision": 0.4666666666666667,
    "recall": 0.4666666666666667,
    "f1-score": 0.4666666666666667,
    "support": 30
  },
  "2": {
    "precision": 0.25,
    "recall": 0.2,
    "f1-score": 0.22222222222222224,
    "support": 15
  },
  "3": {
    "precision": 0.2222222222222222,
    "recall": 0.42857142857142855,
    "f1-score": 0.29268292682926833,
    "support": 14
  },
  "accuracy": 0.32432432432432434,
  "macro avg": {
    "precision": 0.2847222222222222,
    "recall": 0.2904761904761905,
    "f1-score": 0.2703929539295393,
    "support": 74
  },
  "weighted avg": {
    "precision": 0.32244744744744747,
    "recall": 0.32432432432432434,
    "f1-score": 0.30987695012085253,
    "support": 74
  }
}