{
  "0": {
    "precision": 0.6666666666666666,
    "recall": 0.3888888888888889,
    "f1-score": 0.49122807017543857,
    "support": 36
  },
  "1": {
    "precision": 0.7215189873417721,
    "recall": 0.890625,
    "f1-score": 0.7972027972027972,
    "support": 64
  },
  "accuracy": 0.71,
  "macro avg": {
    "precision": 0.6940928270042194,
    "recall": 0.6397569444444444,
    "f1-score": 0.6442154336891179,
    "support": 100
  },
  "weighted avg": {
    "precision": 0.7017721518987341,
    "recall": 0.71,
    "f1-score": 0.6870518954729481,
    "support": 100
  }
}