{
  "0": {
    "precision": 0.16666666666666666,
    "recall": 0.13333333333333333,
    "f1-score": 0.14814814814814814,
    "support": 15
  },
  "1": {
    "precision": 0.5555555555555556,
    "recall": 0.3333333333333333,
    "f1-score": 0.4166666666666667,
    "support": 30
  },
  "2": {
    "precision": 0.3,
    "recall": 0.4,
    "f1-score": 0.34285714285714286,
    "support": 15
  },
  "3": {
    "precision": 0.2916666666666667,
    "recall": 0.5,
    "f1-score": 0.3684210526315789,
    "support": 14
  },
  "accuracy": 0.33783783783783783,
  "macro avg": {
    "precision": 0.3284722222222222,
    "recall": 0.3416666666666667,
    "f1-score": 0.31902325257588415,
    "support": 74
  },
  "weighted avg": {
    "precision": 0.375,
    "recall": 0.33783783783783783,
    "f1-score": 0.33814829867461443,
    "support": 74
  }
}