{
  "0": {
    "precision": 0.3333333333333333,
    "recall": 0.06666666666666667,
    "f1-score": 0.1111111111111111,
    "support": 15
  },
  "1": {
    "precision": 0.5588235294117647,
    "recall": 0.6333333333333333,
    "f1-score": 0.59375,
    "support": 30
  },
  "2": {
    "precision": 0.35714285714285715,
    "recall": 0.3333333333333333,
    "f1-score": 0.3448275862068965,
    "support": 15
  },
  "3": {
    "precision": 0.30434782608695654,
    "recall": 0.5,
    "f1-score": 0.3783783783783784,
    "support": 14
  },
  "accuracy": 0.43243243243243246,
  "macro avg": {
    "precision": 0.38841188649372793,
    "recall": 0.3833333333333333,
    "f1-score": 0.3570167689240965,
    "support": 74
  },
  "weighted avg": {
    "precision": 0.4240907879015296,
    "recall": 0.43243243243243246,
    "f1-score": 0.40471456428469477,
    "support": 74
  }
}