{
  "0": {
    "precision": 0.6,
    "recall": 0.2,
    "f1-score": 0.3,
    "support": 15
  },
  "1": {
    "precision": 0.5833333333333334,
    "recall": 0.23333333333333334,
    "f1-score": 0.33333333333333337,
    "support": 30
  },
  "2": {
    "precision": 0.2,
    "recall": 0.06666666666666667,
    "f1-score": 0.1,
    "support": 15
  },
  "3": {
    "precision": 0.19230769230769232,
    "recall": 0.7142857142857143,
    "f1-score": 0.30303030303030304,
    "support": 14
  },
  "accuracy": 0.28378378378378377,
  "macro avg": {
    "precision": 0.3939102564102564,
    "recall": 0.3035714285714286,
    "f1-score": 0.2590909090909091,
    "support": 74
  },
  "weighted avg": {
    "precision": 0.43503118503118504,
    "recall": 0.28378378378378377,
    "f1-score": 0.27354627354627353,
    "support": 74
  }
}