{
  "0": {
    "precision": 0.4,
    "recall": 0.13333333333333333,
    "f1-score": 0.2,
    "support": 15
  },
  "1": {
    "precision": 0.5833333333333334,
    "recall": 0.4666666666666667,
    "f1-score": 0.5185185185185186,
    "support": 30
  },
  "2": {
    "precision": 0.42105263157894735,
    "recall": 0.5333333333333333,
    "f1-score": 0.47058823529411764,
    "support": 15
  },
  "3": {
    "precision": 0.23076923076923078,
    "recall": 0.42857142857142855,
    "f1-score": 0.3,
    "support": 14
  },
  "accuracy": 0.40540540540540543,
  "macro avg": {
    "precision": 0.4087887989203779,
    "recall": 0.3904761904761905,
    "f1-score": 0.37227668845315903,
    "support": 74
  },
  "weighted avg": {
    "precision": 0.44657511762774926,
    "recall": 0.40540540540540543,
    "f1-score": 0.40289701466172056,
    "support": 74
  }
}