{
  "0": {
    "precision": 0.2,
    "recall": 0.06666666666666667,
    "f1-score": 0.1,
    "support": 15
  },
  "1": {
    "precision": 0.4166666666666667,
    "recall": 0.16666666666666666,
    "f1-score": 0.23809523809523808,
    "support": 30
  },
  "2": {
    "precision": 0.3333333333333333,
    "recall": 0.5333333333333333,
    "f1-score": 0.4102564102564102,
    "support": 15
  },
  "3": {
    "precision": 0.24242424242424243,
    "recall": 0.5714285714285714,
    "f1-score": 0.3404255319148936,
    "support": 14
  },
  "accuracy": 0.2972972972972973,
  "macro avg": {
    "precision": 0.2981060606060606,
    "recall": 0.3345238095238095,
    "f1-score": 0.2721942950666355,
    "support": 74
  },
  "weighted avg": {
    "precision": 0.3228910728910729,
    "recall": 0.2972972972972973,
    "f1-score": 0.2643602803177271,
    "support": 74
  }
}