{
  "0": {
    "precision": 0.13333333333333333,
    "recall": 0.13333333333333333,
    "f1-score": 0.13333333333333333,
    "support": 15
  },
  "1": {
    "precision": 0.8571428571428571,
    "recall": 0.4,
    "f1-score": 0.5454545454545455,
    "support": 30
  },
  "2": {
    "precision": 0.4,
    "recall": 0.4,
    "f1-score": 0.4000000000000001,
    "support": 15
  },
  "3": {
    "precision": 0.26666666666666666,
    "recall": 0.5714285714285714,
    "f1-score": 0.36363636363636365,
    "support": 14
  },
  "accuracy": 0.3783783783783784,
  "macro avg": {
    "precision": 0.41428571428571426,
    "recall": 0.3761904761904762,
    "f1-score": 0.3606060606060606,
    "support": 74
  },
  "weighted avg": {
    "precision": 0.506048906048906,
    "recall": 0.3783783783783784,
    "f1-score": 0.39803439803439805,
    "support": 74
  }
}