{
  "0": {
    "precision": 0.16666666666666666,
    "recall": 0.06666666666666667,
    "f1-score": 0.09523809523809522,
    "support": 15
  },
  "1": {
    "precision": 0.35294117647058826,
    "recall": 0.2,
    "f1-score": 0.25531914893617025,
    "support": 30
  },
  "2": {
    "precision": 0.3333333333333333,
    "recall": 0.26666666666666666,
    "f1-score": 0.2962962962962963,
    "support": 15
  },
  "3": {
    "precision": 0.1282051282051282,
    "recall": 0.35714285714285715,
    "f1-score": 0.18867924528301885,
    "support": 14
  },
  "accuracy": 0.21621621621621623,
  "macro avg": {
    "precision": 0.24528657616892913,
    "recall": 0.2226190476190476,
    "f1-score": 0.20888319643839515,
    "support": 74
  },
  "weighted avg": {
    "precision": 0.2686906363376952,
    "recall": 0.21621621621621623,
    "f1-score": 0.21856891587923302,
    "support": 74
  }
}