{
  "0": {
    "precision": 0.08333333333333333,
    "recall": 0.06666666666666667,
    "f1-score": 0.07407407407407407,
    "support": 15
  },
  "1": {
    "precision": 0.5333333333333333,
    "recall": 0.26666666666666666,
    "f1-score": 0.3555555555555555,
    "support": 30
  },
  "2": {
    "precision": 0.21428571428571427,
    "recall": 0.2,
    "f1-score": 0.20689655172413796,
    "support": 15
  },
  "3": {
    "precision": 0.21212121212121213,
    "recall": 0.5,
    "f1-score": 0.2978723404255319,
    "support": 14
  },
  "accuracy": 0.25675675675675674,
  "macro avg": {
    "precision": 0.26076839826839826,
    "recall": 0.2583333333333333,
    "f1-score": 0.23359963044482485,
    "support": 74
  },
  "weighted avg": {
    "precision": 0.3166754416754417,
    "recall": 0.25675675675675674,
    "f1-score": 0.25745187594050395,
    "support": 74
  }
}