{
  "0": {
    "precision": 0.9754901960784313,
    "recall": 0.7758284600389863,
    "f1-score": 0.8642779587404994,
    "support": 513.0
  },
  "1": {
    "precision": 0.8148148148148148,
    "recall": 0.9806201550387597,
    "f1-score": 0.890061565523307,
    "support": 516.0
  },
  "accuracy": 0.8785228377065112,
  "macro avg": {
    "precision": 0.8951525054466231,
    "recall": 0.8782243075388729,
    "f1-score": 0.8771697621319032,
    "support": 1029.0
  },
  "weighted avg": {
    "precision": 0.8949182847742271,
    "recall": 0.8785228377065112,
    "f1-score": 0.8772073475645312,
    "support": 1029.0
  }
}