{
  "0": {
    "precision": 0.125,
    "recall": 0.06666666666666667,
    "f1-score": 0.08695652173913045,
    "support": 15
  },
  "1": {
    "precision": 0.2857142857142857,
    "recall": 0.13333333333333333,
    "f1-score": 0.18181818181818182,
    "support": 30
  },
  "2": {
    "precision": 0.3684210526315789,
    "recall": 0.4666666666666667,
    "f1-score": 0.4117647058823529,
    "support": 15
  },
  "3": {
    "precision": 0.21212121212121213,
    "recall": 0.5,
    "f1-score": 0.2978723404255319,
    "support": 14
  },
  "accuracy": 0.25675675675675674,
  "macro avg": {
    "precision": 0.24781413761676918,
    "recall": 0.2916666666666667,
    "f1-score": 0.24460293746629927,
    "support": 74
  },
  "weighted avg": {
    "precision": 0.2559789368999895,
    "recall": 0.25675675675675674,
    "f1-score": 0.2311564410111507,
    "support": 74
  }
}