{
  "0": {
    "precision": 0.037091988130563795,
    "recall": 0.6944444444444444,
    "f1-score": 0.0704225352112676,
    "support": 36
  },
  "1": {
    "precision": 0.08,
    "recall": 0.07692307692307693,
    "f1-score": 0.0784313725490196,
    "support": 26
  },
  "2": {
    "precision": 0.0,
    "recall": 0.0,
    "f1-score": 0.0,
    "support": 25
  },
  "3": {
    "precision": 0.0,
    "recall": 0.0,
    "f1-score": 0.0,
    "support": 37
  },
  "4": {
    "precision": 0.0,
    "recall": 0.0,
    "f1-score": 0.0,
    "support": 40
  },
  "5": {
    "precision": 0.0,
    "recall": 0.0,
    "f1-score": 0.0,
    "support": 35
  },
  "6": {
    "precision": 0.08571428571428572,
    "recall": 0.3103448275862069,
    "f1-score": 0.13432835820895522,
    "support": 29
  },
  "7": {
    "precision": 0.0,
    "recall": 0.0,
    "f1-score": 0.0,
    "support": 33
  },
  "8": {
    "precision": 0.0,
    "recall": 0.0,
    "f1-score": 0.0,
    "support": 32
  },
  "9": {
    "precision": 0.0,
    "recall": 0.0,
    "f1-score": 0.0,
    "support": 31
  },
  "10": {
    "precision": 0.0,
    "recall": 0.0,
    "f1-score": 0.0,
    "support": 33
  },
  "11": {
    "precision": 0.0,
    "recall": 0.0,
    "f1-score": 0.0,
    "support": 34
  },
  "12": {
    "precision": 0.0,
    "recall": 0.0,
    "f1-score": 0.0,
    "support": 31
  },
  "13": {
    "precision": 0.0,
    "recall": 0.0,
    "f1-score": 0.0,
    "support": 34
  },
  "14": {
    "precision": 1.0,
    "recall": 0.023255813953488372,
    "f1-score": 0.04545454545454545,
    "support": 43
  },
  "15": {
    "precision": 0.0,
    "recall": 0.0,
    "f1-score": 0.0,
    "support": 32
  },
  "16": {
    "precision": 0.0,
    "recall": 0.0,
    "f1-score": 0.0,
    "support": 37
  },
  "17": {
    "precision": 0.0,
    "recall": 0.0,
    "f1-score": 0.0,
    "support": 26
  },
  "18": {
    "precision": 0.0,
    "recall": 0.0,
    "f1-score": 0.0,
    "support": 32
  },
  "19": {
    "precision": 0.044444444444444446,
    "recall": 0.06896551724137931,
    "f1-score": 0.05405405405405405,
    "support": 29
  },
  "20": {
    "precision": 0.0,
    "recall": 0.0,
    "f1-score": 0.0,
    "support": 43
  },
  "21": {
    "precision": 0.0,
    "recall": 0.0,
    "f1-score": 0.0,
    "support": 34
  },
  "22": {
    "precision": 0.0,
    "recall": 0.0,
    "f1-score": 0.0,
    "support": 30
  },
  "23": {
    "precision": 0.0,
    "recall": 0.0,
    "f1-score": 0.0,
    "support": 29
  },
  "24": {
    "precision": 0.0,
    "recall": 0.0,
    "f1-score": 0.0,
    "support": 32
  },
  "25": {
    "precision": 0.0,
    "recall": 0.0,
    "f1-score": 0.0,
    "support": 27
  },
  "accuracy": 0.04588235294117647,
  "macro avg": {
    "precision": 0.047971181472665145,
    "recall": 0.045151295390330616,
    "f1-score": 0.014718879441455458,
    "support": 850
  },
  "weighted avg": {
    "precision": 0.05904695852623938,
    "recall": 0.04588235294117647,
    "f1-score": 0.014108308663591609,
    "support": 850
  }
}