{
  "0": {
    "precision": 0.29411764705882354,
    "recall": 0.3333333333333333,
    "f1-score": 0.3125,
    "support": 15.0
  },
  "1": {
    "precision": 0.7692307692307693,
    "recall": 0.3333333333333333,
    "f1-score": 0.4651162790697674,
    "support": 30.0
  },
  "2": {
    "precision": 0.3,
    "recall": 0.6,
    "f1-score": 0.4,
    "support": 15.0
  },
  "3": {
    "precision": 0.35714285714285715,
    "recall": 0.35714285714285715,
    "f1-score": 0.35714285714285715,
    "support": 14.0
  },
  "accuracy": 0.3918918918918919,
  "macro avg": {
    "precision": 0.4301228183581125,
    "recall": 0.40595238095238095,
    "f1-score": 0.3836897840531561,
    "support": 74.0
  },
  "weighted avg": {
    "precision": 0.4998471322000734,
    "recall": 0.3918918918918919,
    "f1-score": 0.40055389692017596,
    "support": 74.0
  }
}