{
  "0": {
    "precision": 0.375,
    "recall": 0.2,
    "f1-score": 0.26086956521739135,
    "support": 15
  },
  "1": {
    "precision": 0.6190476190476191,
    "recall": 0.43333333333333335,
    "f1-score": 0.5098039215686274,
    "support": 30
  },
  "2": {
    "precision": 0.3157894736842105,
    "recall": 0.4,
    "f1-score": 0.35294117647058826,
    "support": 15
  },
  "3": {
    "precision": 0.15384615384615385,
    "recall": 0.2857142857142857,
    "f1-score": 0.2,
    "support": 14
  },
  "accuracy": 0.35135135135135137,
  "macro avg": {
    "precision": 0.36592081164449586,
    "recall": 0.3297619047619047,
    "f1-score": 0.33090366581415176,
    "support": 74
  },
  "weighted avg": {
    "precision": 0.4200961733856471,
    "recall": 0.35135135135135137,
    "f1-score": 0.36893619962673674,
    "support": 74
  }
}