{
  "0": {
    "precision": 0.65625,
    "recall": 0.5833333333333334,
    "f1-score": 0.6176470588235293,
    "support": 36
  },
  "1": {
    "precision": 0.7794117647058824,
    "recall": 0.828125,
    "f1-score": 0.8030303030303031,
    "support": 64
  },
  "accuracy": 0.74,
  "macro avg": {
    "precision": 0.7178308823529411,
    "recall": 0.7057291666666667,
    "f1-score": 0.7103386809269162,
    "support": 100
  },
  "weighted avg": {
    "precision": 0.7350735294117646,
    "recall": 0.74,
    "f1-score": 0.7362923351158644,
    "support": 100
  }
}