{
  "0": {
    "precision": 0.0,
    "recall": 0.0,
    "f1-score": 0.0,
    "support": 36.0
  },
  "1": {
    "precision": 0.5,
    "recall": 0.07692307692307693,
    "f1-score": 0.13333333333333336,
    "support": 26.0
  },
  "2": {
    "precision": 0.04878048780487805,
    "recall": 0.16,
    "f1-score": 0.07476635514018692,
    "support": 25.0
  },
  "3": {
    "precision": 0.0,
    "recall": 0.0,
    "f1-score": 0.0,
    "support": 37.0
  },
  "4": {
    "precision": 0.0,
    "recall": 0.0,
    "f1-score": 0.0,
    "support": 40.0
  },
  "5": {
    "precision": 0.0,
    "recall": 0.0,
    "f1-score": 0.0,
    "support": 35.0
  },
  "6": {
    "precision": 0.0,
    "recall": 0.0,
    "f1-score": 0.0,
    "support": 29.0
  },
  "7": {
    "precision": 0.0,
    "recall": 0.0,
    "f1-score": 0.0,
    "support": 33.0
  },
  "8": {
    "precision": 0.0,
    "recall": 0.0,
    "f1-score": 0.0,
    "support": 32.0
  },
  "9": {
    "precision": 0.0,
    "recall": 0.0,
    "f1-score": 0.0,
    "support": 31.0
  },
  "10": {
    "precision": 0.0,
    "recall": 0.0,
    "f1-score": 0.0,
    "support": 33.0
  },
  "11": {
    "precision": 0.0,
    "recall": 0.0,
    "f1-score": 0.0,
    "support": 34.0
  },
  "12": {
    "precision": 0.0,
    "recall": 0.0,
    "f1-score": 0.0,
    "support": 31.0
  },
  "13": {
    "precision": 0.0,
    "recall": 0.0,
    "f1-score": 0.0,
    "support": 34.0
  },
  "14": {
    "precision": 0.06405693950177936,
    "recall": 0.4186046511627907,
    "f1-score": 0.1111111111111111,
    "support": 43.0
  },
  "15": {
    "precision": 0.015625,
    "recall": 0.03125,
    "f1-score": 0.020833333333333332,
    "support": 32.0
  },
  "16": {
    "precision": 0.0,
    "recall": 0.0,
    "f1-score": 0.0,
    "support": 37.0
  },
  "17": {
    "precision": 0.0,
    "recall": 0.0,
    "f1-score": 0.0,
    "support": 26.0
  },
  "18": {
    "precision": 0.125,
    "recall": 0.03125,
    "f1-score": 0.05,
    "support": 32.0
  },
  "19": {
    "precision": 0.045454545454545456,
    "recall": 0.2413793103448276,
    "f1-score": 0.07650273224043716,
    "support": 29.0
  },
  "20": {
    "precision": 0.05,
    "recall": 0.023255813953488372,
    "f1-score": 0.031746031746031744,
    "support": 43.0
  },
  "21": {
    "precision": 0.0,
    "recall": 0.0,
    "f1-score": 0.0,
    "support": 34.0
  },
  "22": {
    "precision": 0.0582010582010582,
    "recall": 0.36666666666666664,
    "f1-score": 0.1004566210045662,
    "support": 30.0
  },
  "23": {
    "precision": 0.0,
    "recall": 0.0,
    "f1-score": 0.0,
    "support": 29.0
  },
  "24": {
    "precision": 0.0,
    "recall": 0.0,
    "f1-score": 0.0,
    "support": 32.0
  },
  "25": {
    "precision": 0.0,
    "recall": 0.0,
    "f1-score": 0.0,
    "support": 27.0
  },
  "accuracy": 0.052941176470588235,
  "macro avg": {
    "precision": 0.03488915503701004,
    "recall": 0.05189728919426347,
    "f1-score": 0.02302882761188461,
    "support": 850.0
  },
  "weighted avg": {
    "precision": 0.031397851950484744,
    "recall": 0.052941176470588235,
    "f1-score": 0.0223266202585939,
    "support": 850.0
  }
}