{
  "0": {
    "precision": 0.7575757575757576,
    "recall": 0.6944444444444444,
    "f1-score": 0.7246376811594203,
    "support": 36
  },
  "1": {
    "precision": 0.835820895522388,
    "recall": 0.875,
    "f1-score": 0.8549618320610687,
    "support": 64
  },
  "accuracy": 0.81,
  "macro avg": {
    "precision": 0.7966983265490728,
    "recall": 0.7847222222222222,
    "f1-score": 0.7897997566102445,
    "support": 100
  },
  "weighted avg": {
    "precision": 0.807652645861601,
    "recall": 0.81,
    "f1-score": 0.8080451377364752,
    "support": 100
  }
}