{
  "0": {
    "precision": 0.25,
    "recall": 0.2,
    "f1-score": 0.22222222222222224,
    "support": 15
  },
  "1": {
    "precision": 0.5185185185185185,
    "recall": 0.4666666666666667,
    "f1-score": 0.4912280701754386,
    "support": 30
  },
  "2": {
    "precision": 0.21428571428571427,
    "recall": 0.2,
    "f1-score": 0.20689655172413796,
    "support": 15
  },
  "3": {
    "precision": 0.23809523809523808,
    "recall": 0.35714285714285715,
    "f1-score": 0.2857142857142857,
    "support": 14
  },
  "accuracy": 0.33783783783783783,
  "macro avg": {
    "precision": 0.30522486772486773,
    "recall": 0.305952380952381,
    "f1-score": 0.30151528245902115,
    "support": 74
  },
  "weighted avg": {
    "precision": 0.3493672243672244,
    "recall": 0.33783783783783783,
    "f1-score": 0.34018410424944007,
    "support": 74
  }
}