{
  "0": {
    "precision": 0.8064516129032258,
    "recall": 0.6944444444444444,
    "f1-score": 0.746268656716418,
    "support": 36
  },
  "1": {
    "precision": 0.8405797101449275,
    "recall": 0.90625,
    "f1-score": 0.8721804511278196,
    "support": 64
  },
  "accuracy": 0.83,
  "macro avg": {
    "precision": 0.8235156615240766,
    "recall": 0.8003472222222222,
    "f1-score": 0.8092245539221188,
    "support": 100
  },
  "weighted avg": {
    "precision": 0.8282935951379149,
    "recall": 0.83,
    "f1-score": 0.826852205139715,
    "support": 100
  }
}