{
  "0": {
    "precision": 0.6666666666666666,
    "recall": 0.13333333333333333,
    "f1-score": 0.2222222222222222,
    "support": 15
  },
  "1": {
    "precision": 0.5833333333333334,
    "recall": 0.4666666666666667,
    "f1-score": 0.5185185185185186,
    "support": 30
  },
  "2": {
    "precision": 0.25806451612903225,
    "recall": 0.5333333333333333,
    "f1-score": 0.34782608695652173,
    "support": 15
  },
  "3": {
    "precision": 0.4375,
    "recall": 0.5,
    "f1-score": 0.4666666666666667,
    "support": 14
  },
  "accuracy": 0.4189189189189189,
  "macro avg": {
    "precision": 0.48639112903225806,
    "recall": 0.4083333333333333,
    "f1-score": 0.3888083735909823,
    "support": 74
  },
  "weighted avg": {
    "precision": 0.506702266782912,
    "recall": 0.4189189189189189,
    "f1-score": 0.41404883144013577,
    "support": 74
  }
}