{
  "0": {
    "precision": 0.3333333333333333,
    "recall": 0.06666666666666667,
    "f1-score": 0.1111111111111111,
    "support": 15
  },
  "1": {
    "precision": 0.5,
    "recall": 0.8666666666666667,
    "f1-score": 0.6341463414634146,
    "support": 30
  },
  "2": {
    "precision": 0.4166666666666667,
    "recall": 0.3333333333333333,
    "f1-score": 0.3703703703703704,
    "support": 15
  },
  "3": {
    "precision": 0.2857142857142857,
    "recall": 0.14285714285714285,
    "f1-score": 0.19047619047619047,
    "support": 14
  },
  "accuracy": 0.4594594594594595,
  "macro avg": {
    "precision": 0.3839285714285714,
    "recall": 0.35238095238095235,
    "f1-score": 0.32652600335527165,
    "support": 74
  },
  "weighted avg": {
    "precision": 0.40878378378378377,
    "recall": 0.4594594594594595,
    "f1-score": 0.39071998828096394,
    "support": 74
  }
}