{
  "0": {
    "precision": 0.8571428571428571,
    "recall": 0.8333333333333334,
    "f1-score": 0.8450704225352113,
    "support": 36
  },
  "1": {
    "precision": 0.9076923076923077,
    "recall": 0.921875,
    "f1-score": 0.9147286821705427,
    "support": 64
  },
  "accuracy": 0.89,
  "macro avg": {
    "precision": 0.8824175824175824,
    "recall": 0.8776041666666667,
    "f1-score": 0.879899552352877,
    "support": 100
  },
  "weighted avg": {
    "precision": 0.8894945054945055,
    "recall": 0.89,
    "f1-score": 0.8896517087018233,
    "support": 100
  }
}