{
  "0": {
    "precision": 0.49854227405247814,
    "recall": 1.0,
    "f1-score": 0.6653696498054475,
    "support": 513.0
  },
  "1": {
    "precision": 0.0,
    "recall": 0.0,
    "f1-score": 0.0,
    "support": 516.0
  },
  "accuracy": 0.49854227405247814,
  "macro avg": {
    "precision": 0.24927113702623907,
    "recall": 0.5,
    "f1-score": 0.3326848249027238,
    "support": 1029.0
  },
  "weighted avg": {
    "precision": 0.2485443990174162,
    "recall": 0.49854227405247814,
    "f1-score": 0.33171489829950884,
    "support": 1029.0
  }
}