{
  "0": {
    "precision": 0.1111111111111111,
    "recall": 0.06666666666666667,
    "f1-score": 0.08333333333333334,
    "support": 15
  },
  "1": {
    "precision": 0.6842105263157895,
    "recall": 0.43333333333333335,
    "f1-score": 0.5306122448979592,
    "support": 30
  },
  "2": {
    "precision": 0.5294117647058824,
    "recall": 0.6,
    "f1-score": 0.5625,
    "support": 15
  },
  "3": {
    "precision": 0.2413793103448276,
    "recall": 0.5,
    "f1-score": 0.32558139534883723,
    "support": 14
  },
  "accuracy": 0.40540540540540543,
  "macro avg": {
    "precision": 0.3915281781194026,
    "recall": 0.4,
    "f1-score": 0.3755067433950324,
    "support": 74
  },
  "weighted avg": {
    "precision": 0.45288471988589424,
    "recall": 0.40540540540540543,
    "f1-score": 0.407621714619223,
    "support": 74
  }
}