{
  "0": {
    "precision": 0.4444444444444444,
    "recall": 0.26666666666666666,
    "f1-score": 0.33333333333333337,
    "support": 15
  },
  "1": {
    "precision": 0.47619047619047616,
    "recall": 0.3333333333333333,
    "f1-score": 0.39215686274509803,
    "support": 30
  },
  "2": {
    "precision": 0.30434782608695654,
    "recall": 0.4666666666666667,
    "f1-score": 0.3684210526315789,
    "support": 15
  },
  "3": {
    "precision": 0.23809523809523808,
    "recall": 0.35714285714285715,
    "f1-score": 0.2857142857142857,
    "support": 14
  },
  "accuracy": 0.35135135135135137,
  "macro avg": {
    "precision": 0.3657694962042788,
    "recall": 0.35595238095238096,
    "f1-score": 0.34490638360607406,
    "support": 74
  },
  "weighted avg": {
    "precision": 0.38987745509484634,
    "recall": 0.35135135135135137,
    "f1-score": 0.3552840766463058,
    "support": 74
  }
}