{
  "0": {
    "precision": 0.8076923076923077,
    "recall": 0.5833333333333334,
    "f1-score": 0.6774193548387097,
    "support": 36
  },
  "1": {
    "precision": 0.7972972972972973,
    "recall": 0.921875,
    "f1-score": 0.8550724637681159,
    "support": 64
  },
  "accuracy": 0.8,
  "macro avg": {
    "precision": 0.8024948024948024,
    "recall": 0.7526041666666667,
    "f1-score": 0.7662459093034129,
    "support": 100
  },
  "weighted avg": {
    "precision": 0.801039501039501,
    "recall": 0.8,
    "f1-score": 0.7911173445535298,
    "support": 100
  }
}