{
  "0": {
    "precision": 0.8529411764705882,
    "recall": 0.8055555555555556,
    "f1-score": 0.8285714285714286,
    "support": 36
  },
  "1": {
    "precision": 0.8939393939393939,
    "recall": 0.921875,
    "f1-score": 0.9076923076923077,
    "support": 64
  },
  "accuracy": 0.88,
  "macro avg": {
    "precision": 0.8734402852049911,
    "recall": 0.8637152777777778,
    "f1-score": 0.8681318681318682,
    "support": 100
  },
  "weighted avg": {
    "precision": 0.8791800356506237,
    "recall": 0.88,
    "f1-score": 0.8792087912087913,
    "support": 100
  }
}