{
  "0": {
    "precision": 0.0,
    "recall": 0.0,
    "f1-score": 0.0,
    "support": 15
  },
  "1": {
    "precision": 0.3,
    "recall": 0.1,
    "f1-score": 0.15,
    "support": 30
  },
  "2": {
    "precision": 0.28,
    "recall": 0.4666666666666667,
    "f1-score": 0.35000000000000003,
    "support": 15
  },
  "3": {
    "precision": 0.14705882352941177,
    "recall": 0.35714285714285715,
    "f1-score": 0.20833333333333334,
    "support": 14
  },
  "accuracy": 0.20270270270270271,
  "macro avg": {
    "precision": 0.18176470588235297,
    "recall": 0.23095238095238096,
    "f1-score": 0.17708333333333334,
    "support": 74
  },
  "weighted avg": {
    "precision": 0.20620031796502383,
    "recall": 0.20270270270270271,
    "f1-score": 0.1711711711711712,
    "support": 74
  }
}