{
  "0": {
    "precision": 0.25,
    "recall": 0.13333333333333333,
    "f1-score": 0.1739130434782609,
    "support": 15
  },
  "1": {
    "precision": 0.5,
    "recall": 0.5,
    "f1-score": 0.5,
    "support": 30
  },
  "2": {
    "precision": 0.4375,
    "recall": 0.4666666666666667,
    "f1-score": 0.45161290322580644,
    "support": 15
  },
  "3": {
    "precision": 0.2,
    "recall": 0.2857142857142857,
    "f1-score": 0.23529411764705882,
    "support": 14
  },
  "accuracy": 0.3783783783783784,
  "macro avg": {
    "precision": 0.346875,
    "recall": 0.3464285714285714,
    "f1-score": 0.34020501608778153,
    "support": 74
  },
  "weighted avg": {
    "precision": 0.37989864864864864,
    "recall": 0.3783783783783784,
    "f1-score": 0.37401360604891665,
    "support": 74
  }
}