{
  "0": {
    "precision": 0.0,
    "recall": 0.0,
    "f1-score": 0.0,
    "support": 15
  },
  "1": {
    "precision": 0.3684210526315789,
    "recall": 0.23333333333333334,
    "f1-score": 0.2857142857142857,
    "support": 30
  },
  "2": {
    "precision": 0.25,
    "recall": 0.26666666666666666,
    "f1-score": 0.2580645161290323,
    "support": 15
  },
  "3": {
    "precision": 0.14705882352941177,
    "recall": 0.35714285714285715,
    "f1-score": 0.20833333333333334,
    "support": 14
  },
  "accuracy": 0.21621621621621623,
  "macro avg": {
    "precision": 0.1913699690402477,
    "recall": 0.2142857142857143,
    "f1-score": 0.18802803379416286,
    "support": 74
  },
  "weighted avg": {
    "precision": 0.22785750146431263,
    "recall": 0.21621621621621623,
    "f1-score": 0.20755490513555028,
    "support": 74
  }
}