{
  "0": {
    "precision": 0.97,
    "recall": 0.9454191033138402,
    "f1-score": 0.9575518262586377,
    "support": 513
  },
  "1": {
    "precision": 0.947069943289225,
    "recall": 0.9709302325581395,
    "f1-score": 0.9588516746411484,
    "support": 516
  },
  "accuracy": 0.9582118561710399,
  "macro avg": {
    "precision": 0.9585349716446125,
    "recall": 0.9581746679359898,
    "f1-score": 0.958201750449893,
    "support": 1029
  },
  "weighted avg": {
    "precision": 0.958501545905967,
    "recall": 0.9582118561710399,
    "f1-score": 0.958203645272608,
    "support": 1029
  }
}