{
  "0": {
    "precision": 0.6896551724137931,
    "recall": 0.5555555555555556,
    "f1-score": 0.6153846153846154,
    "support": 36
  },
  "1": {
    "precision": 0.7746478873239436,
    "recall": 0.859375,
    "f1-score": 0.8148148148148148,
    "support": 64
  },
  "accuracy": 0.75,
  "macro avg": {
    "precision": 0.7321515298688683,
    "recall": 0.7074652777777778,
    "f1-score": 0.7150997150997151,
    "support": 100
  },
  "weighted avg": {
    "precision": 0.7440505099562895,
    "recall": 0.75,
    "f1-score": 0.743019943019943,
    "support": 100
  }
}