{
  "0": {
    "precision": 0.3,
    "recall": 0.2,
    "f1-score": 0.24,
    "support": 15
  },
  "1": {
    "precision": 0.5,
    "recall": 0.3333333333333333,
    "f1-score": 0.4,
    "support": 30
  },
  "2": {
    "precision": 0.35714285714285715,
    "recall": 0.3333333333333333,
    "f1-score": 0.3448275862068965,
    "support": 15
  },
  "3": {
    "precision": 0.16666666666666666,
    "recall": 0.35714285714285715,
    "f1-score": 0.22727272727272724,
    "support": 14
  },
  "accuracy": 0.3108108108108108,
  "macro avg": {
    "precision": 0.330952380952381,
    "recall": 0.305952380952381,
    "f1-score": 0.30302507836990594,
    "support": 74
  },
  "weighted avg": {
    "precision": 0.36743886743886744,
    "recall": 0.3108108108108108,
    "f1-score": 0.3237058374989409,
    "support": 74
  }
}