{
  "0": {
    "precision": 0.4090909090909091,
    "recall": 1.0,
    "f1-score": 0.5806451612903226,
    "support": 36
  },
  "1": {
    "precision": 1.0,
    "recall": 0.1875,
    "f1-score": 0.3157894736842105,
    "support": 64
  },
  "accuracy": 0.48,
  "macro avg": {
    "precision": 0.7045454545454546,
    "recall": 0.59375,
    "f1-score": 0.44821731748726656,
    "support": 100
  },
  "weighted avg": {
    "precision": 0.7872727272727273,
    "recall": 0.48,
    "f1-score": 0.4111375212224109,
    "support": 100
  }
}