{
  "0": {
    "precision": 0.775,
    "recall": 0.8611111111111112,
    "f1-score": 0.8157894736842106,
    "support": 36
  },
  "1": {
    "precision": 0.9166666666666666,
    "recall": 0.859375,
    "f1-score": 0.8870967741935484,
    "support": 64
  },
  "accuracy": 0.86,
  "macro avg": {
    "precision": 0.8458333333333333,
    "recall": 0.8602430555555556,
    "f1-score": 0.8514431239388796,
    "support": 100
  },
  "weighted avg": {
    "precision": 0.8656666666666666,
    "recall": 0.86,
    "f1-score": 0.8614261460101867,
    "support": 100
  }
}