{
  "0": {
    "precision": 0.14285714285714285,
    "recall": 0.06666666666666667,
    "f1-score": 0.09090909090909091,
    "support": 15
  },
  "1": {
    "precision": 0.45,
    "recall": 0.3,
    "f1-score": 0.36000000000000004,
    "support": 30
  },
  "2": {
    "precision": 0.2777777777777778,
    "recall": 0.3333333333333333,
    "f1-score": 0.303030303030303,
    "support": 15
  },
  "3": {
    "precision": 0.27586206896551724,
    "recall": 0.5714285714285714,
    "f1-score": 0.37209302325581395,
    "support": 14
  },
  "accuracy": 0.3108108108108108,
  "macro avg": {
    "precision": 0.2866242474001095,
    "recall": 0.31785714285714284,
    "f1-score": 0.28150810429880196,
    "support": 74
  },
  "weighted avg": {
    "precision": 0.3198863888519061,
    "recall": 0.3108108108108108,
    "f1-score": 0.2961945031712474,
    "support": 74
  }
}