{
  "0": {
    "precision": 0.0,
    "recall": 0.0,
    "f1-score": 0.0,
    "support": 15
  },
  "1": {
    "precision": 0.4,
    "recall": 0.13333333333333333,
    "f1-score": 0.2,
    "support": 30
  },
  "2": {
    "precision": 0.2962962962962963,
    "recall": 0.5333333333333333,
    "f1-score": 0.38095238095238093,
    "support": 15
  },
  "3": {
    "precision": 0.16129032258064516,
    "recall": 0.35714285714285715,
    "f1-score": 0.2222222222222222,
    "support": 14
  },
  "accuracy": 0.22972972972972974,
  "macro avg": {
    "precision": 0.21439665471923536,
    "recall": 0.25595238095238093,
    "f1-score": 0.20079365079365077,
    "support": 74
  },
  "weighted avg": {
    "precision": 0.25273660757531724,
    "recall": 0.22972972972972974,
    "f1-score": 0.20034320034320033,
    "support": 74
  }
}