{
  "0": {
    "precision": 0.7307692307692307,
    "recall": 0.5277777777777778,
    "f1-score": 0.6129032258064515,
    "support": 36
  },
  "1": {
    "precision": 0.7702702702702703,
    "recall": 0.890625,
    "f1-score": 0.8260869565217391,
    "support": 64
  },
  "accuracy": 0.76,
  "macro avg": {
    "precision": 0.7505197505197505,
    "recall": 0.7092013888888888,
    "f1-score": 0.7194950911640954,
    "support": 100
  },
  "weighted avg": {
    "precision": 0.7560498960498961,
    "recall": 0.76,
    "f1-score": 0.7493408134642356,
    "support": 100
  }
}