{
  "0": {
    "precision": 0.0,
    "recall": 0.0,
    "f1-score": 0.0,
    "support": 15
  },
  "1": {
    "precision": 0.5483870967741935,
    "recall": 0.5666666666666667,
    "f1-score": 0.5573770491803278,
    "support": 30
  },
  "2": {
    "precision": 0.1111111111111111,
    "recall": 0.06666666666666667,
    "f1-score": 0.08333333333333334,
    "support": 15
  },
  "3": {
    "precision": 0.25,
    "recall": 0.5714285714285714,
    "f1-score": 0.34782608695652173,
    "support": 14
  },
  "accuracy": 0.35135135135135137,
  "macro avg": {
    "precision": 0.22737455197132617,
    "recall": 0.3011904761904762,
    "f1-score": 0.24713411736754573,
    "support": 74
  },
  "weighted avg": {
    "precision": 0.292138913106655,
    "recall": 0.35135135135135137,
    "f1-score": 0.30866049584866406,
    "support": 74
  }
}