{
  "0": {
    "precision": 0.25,
    "recall": 0.26666666666666666,
    "f1-score": 0.2580645161290323,
    "support": 15
  },
  "1": {
    "precision": 0.5,
    "recall": 0.3333333333333333,
    "f1-score": 0.4,
    "support": 30
  },
  "2": {
    "precision": 0.2,
    "recall": 0.2,
    "f1-score": 0.20000000000000004,
    "support": 15
  },
  "3": {
    "precision": 0.21739130434782608,
    "recall": 0.35714285714285715,
    "f1-score": 0.27027027027027023,
    "support": 14
  },
  "accuracy": 0.2972972972972973,
  "macro avg": {
    "precision": 0.29184782608695653,
    "recall": 0.2892857142857143,
    "f1-score": 0.2820836965998257,
    "support": 74
  },
  "weighted avg": {
    "precision": 0.3350470035252644,
    "recall": 0.2972972972972973,
    "f1-score": 0.3061452908880982,
    "support": 74
  }
}