{
  "0": {
    "precision": 1.0,
    "recall": 0.37816764132553604,
    "f1-score": 0.5487977369165488,
    "support": 513.0
  },
  "1": {
    "precision": 0.6179640718562874,
    "recall": 1.0,
    "f1-score": 0.763878608438194,
    "support": 516.0
  },
  "accuracy": 0.6899902818270165,
  "macro avg": {
    "precision": 0.8089820359281437,
    "recall": 0.6890838206627681,
    "f1-score": 0.6563381726773714,
    "support": 1029.0
  },
  "weighted avg": {
    "precision": 0.8084251322428031,
    "recall": 0.6899902818270165,
    "f1-score": 0.6566517016446041,
    "support": 1029.0
  }
}