{
  "0": {
    "precision": 0.0,
    "recall": 0.0,
    "f1-score": 0.0,
    "support": 15
  },
  "1": {
    "precision": 0.6521739130434783,
    "recall": 0.5,
    "f1-score": 0.5660377358490566,
    "support": 30
  },
  "2": {
    "precision": 0.3076923076923077,
    "recall": 0.26666666666666666,
    "f1-score": 0.28571428571428575,
    "support": 15
  },
  "3": {
    "precision": 0.23333333333333334,
    "recall": 0.5,
    "f1-score": 0.3181818181818182,
    "support": 14
  },
  "accuracy": 0.35135135135135137,
  "macro avg": {
    "precision": 0.29829988851727984,
    "recall": 0.31666666666666665,
    "f1-score": 0.2924834599362901,
    "support": 74
  },
  "weighted avg": {
    "precision": 0.37090903612642745,
    "recall": 0.35135135135135137,
    "f1-score": 0.34758637588826263,
    "support": 74
  }
}