{
  "0": {
    "precision": 0.25,
    "recall": 0.06666666666666667,
    "f1-score": 0.10526315789473685,
    "support": 15
  },
  "1": {
    "precision": 0.5666666666666667,
    "recall": 0.5666666666666667,
    "f1-score": 0.5666666666666667,
    "support": 30
  },
  "2": {
    "precision": 0.4,
    "recall": 0.4,
    "f1-score": 0.4000000000000001,
    "support": 15
  },
  "3": {
    "precision": 0.32,
    "recall": 0.5714285714285714,
    "f1-score": 0.41025641025641024,
    "support": 14
  },
  "accuracy": 0.43243243243243246,
  "macro avg": {
    "precision": 0.3841666666666667,
    "recall": 0.40119047619047615,
    "f1-score": 0.3705465587044534,
    "support": 74
  },
  "weighted avg": {
    "precision": 0.42202702702702705,
    "recall": 0.43243243243243246,
    "f1-score": 0.4097640150271729,
    "support": 74
  }
}