{
  "0": {
    "precision": 0.2,
    "recall": 0.06666666666666667,
    "f1-score": 0.1,
    "support": 15
  },
  "1": {
    "precision": 0.55,
    "recall": 0.36666666666666664,
    "f1-score": 0.43999999999999995,
    "support": 30
  },
  "2": {
    "precision": 0.25925925925925924,
    "recall": 0.4666666666666667,
    "f1-score": 0.33333333333333337,
    "support": 15
  },
  "3": {
    "precision": 0.36363636363636365,
    "recall": 0.5714285714285714,
    "f1-score": 0.4444444444444444,
    "support": 14
  },
  "accuracy": 0.36486486486486486,
  "macro avg": {
    "precision": 0.3432239057239057,
    "recall": 0.3678571428571428,
    "f1-score": 0.32944444444444443,
    "support": 74
  },
  "weighted avg": {
    "precision": 0.38486213486213483,
    "recall": 0.36486486486486486,
    "f1-score": 0.3503003003003003,
    "support": 74
  }
}