{
  "0": {
    "precision": 0.7857142857142857,
    "recall": 0.6111111111111112,
    "f1-score": 0.6875000000000001,
    "support": 36
  },
  "1": {
    "precision": 0.8055555555555556,
    "recall": 0.90625,
    "f1-score": 0.8529411764705882,
    "support": 64
  },
  "accuracy": 0.8,
  "macro avg": {
    "precision": 0.7956349206349207,
    "recall": 0.7586805555555556,
    "f1-score": 0.7702205882352942,
    "support": 100
  },
  "weighted avg": {
    "precision": 0.7984126984126985,
    "recall": 0.8,
    "f1-score": 0.7933823529411765,
    "support": 100
  }
}