{
  "0": {
    "precision": 0.25,
    "recall": 0.13333333333333333,
    "f1-score": 0.1739130434782609,
    "support": 15
  },
  "1": {
    "precision": 0.5789473684210527,
    "recall": 0.36666666666666664,
    "f1-score": 0.44897959183673464,
    "support": 30
  },
  "2": {
    "precision": 0.3684210526315789,
    "recall": 0.4666666666666667,
    "f1-score": 0.4117647058823529,
    "support": 15
  },
  "3": {
    "precision": 0.21428571428571427,
    "recall": 0.42857142857142855,
    "f1-score": 0.2857142857142857,
    "support": 14
  },
  "accuracy": 0.35135135135135137,
  "macro avg": {
    "precision": 0.35291353383458646,
    "recall": 0.3488095238095238,
    "f1-score": 0.3300929067279085,
    "support": 74
  },
  "weighted avg": {
    "precision": 0.4006045519203414,
    "recall": 0.35135135135135137,
    "f1-score": 0.35479127020961143,
    "support": 74
  }
}