{
  "0": {
    "precision": 0.7352941176470589,
    "recall": 0.6944444444444444,
    "f1-score": 0.7142857142857144,
    "support": 36
  },
  "1": {
    "precision": 0.8333333333333334,
    "recall": 0.859375,
    "f1-score": 0.8461538461538461,
    "support": 64
  },
  "accuracy": 0.8,
  "macro avg": {
    "precision": 0.7843137254901962,
    "recall": 0.7769097222222222,
    "f1-score": 0.7802197802197803,
    "support": 100
  },
  "weighted avg": {
    "precision": 0.7980392156862746,
    "recall": 0.8,
    "f1-score": 0.7986813186813186,
    "support": 100
  }
}