{
  "0": {
    "precision": 0.8378378378378378,
    "recall": 0.8611111111111112,
    "f1-score": 0.8493150684931507,
    "support": 36
  },
  "1": {
    "precision": 0.9206349206349206,
    "recall": 0.90625,
    "f1-score": 0.9133858267716536,
    "support": 64
  },
  "accuracy": 0.89,
  "macro avg": {
    "precision": 0.8792363792363792,
    "recall": 0.8836805555555556,
    "f1-score": 0.8813504476324021,
    "support": 100
  },
  "weighted avg": {
    "precision": 0.8908279708279707,
    "recall": 0.89,
    "f1-score": 0.8903203537913926,
    "support": 100
  }
}