{
  "0": {
    "precision": 0.8285714285714286,
    "recall": 0.8055555555555556,
    "f1-score": 0.8169014084507044,
    "support": 36
  },
  "1": {
    "precision": 0.8923076923076924,
    "recall": 0.90625,
    "f1-score": 0.8992248062015504,
    "support": 64
  },
  "accuracy": 0.87,
  "macro avg": {
    "precision": 0.8604395604395605,
    "recall": 0.8559027777777778,
    "f1-score": 0.8580631073261273,
    "support": 100
  },
  "weighted avg": {
    "precision": 0.8693626373626374,
    "recall": 0.87,
    "f1-score": 0.8695883830112459,
    "support": 100
  }
}