{
  "0": {
    "precision": 0.75,
    "recall": 0.5833333333333334,
    "f1-score": 0.6562499999999999,
    "support": 36
  },
  "1": {
    "precision": 0.7916666666666666,
    "recall": 0.890625,
    "f1-score": 0.8382352941176471,
    "support": 64
  },
  "accuracy": 0.78,
  "macro avg": {
    "precision": 0.7708333333333333,
    "recall": 0.7369791666666667,
    "f1-score": 0.7472426470588235,
    "support": 100
  },
  "weighted avg": {
    "precision": 0.7766666666666666,
    "recall": 0.78,
    "f1-score": 0.7727205882352941,
    "support": 100
  }
}