{
  "0": {
    "precision": 0.9230769230769231,
    "recall": 0.6666666666666666,
    "f1-score": 0.7741935483870968,
    "support": 36
  },
  "1": {
    "precision": 0.8378378378378378,
    "recall": 0.96875,
    "f1-score": 0.8985507246376812,
    "support": 64
  },
  "accuracy": 0.86,
  "macro avg": {
    "precision": 0.8804573804573805,
    "recall": 0.8177083333333333,
    "f1-score": 0.836372136512389,
    "support": 100
  },
  "weighted avg": {
    "precision": 0.8685239085239086,
    "recall": 0.86,
    "f1-score": 0.8537821411874709,
    "support": 100
  }
}