{
  "0": {
    "precision": 0.8461538461538461,
    "recall": 0.9166666666666666,
    "f1-score": 0.8799999999999999,
    "support": 36
  },
  "1": {
    "precision": 0.9508196721311475,
    "recall": 0.90625,
    "f1-score": 0.9279999999999999,
    "support": 64
  },
  "accuracy": 0.91,
  "macro avg": {
    "precision": 0.8984867591424968,
    "recall": 0.9114583333333333,
    "f1-score": 0.9039999999999999,
    "support": 100
  },
  "weighted avg": {
    "precision": 0.9131399747793191,
    "recall": 0.91,
    "f1-score": 0.9107199999999999,
    "support": 100
  }
}