{
  "0": {
    "precision": 0.2222222222222222,
    "recall": 0.13333333333333333,
    "f1-score": 0.16666666666666669,
    "support": 15
  },
  "1": {
    "precision": 0.5357142857142857,
    "recall": 0.5,
    "f1-score": 0.5172413793103449,
    "support": 30
  },
  "2": {
    "precision": 0.3333333333333333,
    "recall": 0.3333333333333333,
    "f1-score": 0.3333333333333333,
    "support": 15
  },
  "3": {
    "precision": 0.3181818181818182,
    "recall": 0.5,
    "f1-score": 0.3888888888888889,
    "support": 14
  },
  "accuracy": 0.3918918918918919,
  "macro avg": {
    "precision": 0.3523629148629148,
    "recall": 0.36666666666666664,
    "f1-score": 0.3515325670498084,
    "support": 74
  },
  "weighted avg": {
    "precision": 0.38999063999063993,
    "recall": 0.3918918918918919,
    "f1-score": 0.3846173759966864,
    "support": 74
  }
}