{
  "0": {
    "precision": 0.9815573770491803,
    "recall": 0.9337231968810916,
    "f1-score": 0.957042957042957,
    "support": 513
  },
  "1": {
    "precision": 0.9371534195933456,
    "recall": 0.9825581395348837,
    "f1-score": 0.9593188268684957,
    "support": 516
  },
  "accuracy": 0.9582118561710399,
  "macro avg": {
    "precision": 0.959355398321263,
    "recall": 0.9581406682079876,
    "f1-score": 0.9581808919557264,
    "support": 1029
  },
  "weighted avg": {
    "precision": 0.959290669520307,
    "recall": 0.9582118561710399,
    "f1-score": 0.9581842095502243,
    "support": 1029
  }
}