{
  "0": {
    "precision": 0.9681908548707754,
    "recall": 0.949317738791423,
    "f1-score": 0.9586614173228347,
    "support": 513
  },
  "1": {
    "precision": 0.9505703422053232,
    "recall": 0.9689922480620154,
    "f1-score": 0.9596928982725528,
    "support": 516
  },
  "accuracy": 0.9591836734693877,
  "macro avg": {
    "precision": 0.9593805985380492,
    "recall": 0.9591549934267192,
    "f1-score": 0.9591771577976937,
    "support": 1029
  },
  "weighted avg": {
    "precision": 0.9593549126595283,
    "recall": 0.9591836734693877,
    "f1-score": 0.9591786614142385,
    "support": 1029
  }
}