{
  "0": {
    "precision": 0.0,
    "recall": 0.0,
    "f1-score": 0.0,
    "support": 15
  },
  "1": {
    "precision": 0.6071428571428571,
    "recall": 0.5666666666666667,
    "f1-score": 0.5862068965517241,
    "support": 30
  },
  "2": {
    "precision": 0.4166666666666667,
    "recall": 0.3333333333333333,
    "f1-score": 0.3703703703703704,
    "support": 15
  },
  "3": {
    "precision": 0.30303030303030304,
    "recall": 0.7142857142857143,
    "f1-score": 0.42553191489361697,
    "support": 14
  },
  "accuracy": 0.43243243243243246,
  "macro avg": {
    "precision": 0.3317099567099567,
    "recall": 0.4035714285714286,
    "f1-score": 0.34552729545392785,
    "support": 74
  },
  "weighted avg": {
    "precision": 0.3879285129285129,
    "recall": 0.43243243243243246,
    "f1-score": 0.3932325575759178,
    "support": 74
  }
}