{
  "0": {
    "precision": 0.8636363636363636,
    "recall": 0.5277777777777778,
    "f1-score": 0.6551724137931034,
    "support": 36
  },
  "1": {
    "precision": 0.782051282051282,
    "recall": 0.953125,
    "f1-score": 0.8591549295774649,
    "support": 64
  },
  "accuracy": 0.8,
  "macro avg": {
    "precision": 0.8228438228438228,
    "recall": 0.7404513888888888,
    "f1-score": 0.7571636716852841,
    "support": 100
  },
  "weighted avg": {
    "precision": 0.8114219114219113,
    "recall": 0.8,
    "f1-score": 0.7857212238950947,
    "support": 100
  }
}