{
  "0": {
    "precision": 0.36363636363636365,
    "recall": 0.26666666666666666,
    "f1-score": 0.30769230769230765,
    "support": 15
  },
  "1": {
    "precision": 0.6190476190476191,
    "recall": 0.43333333333333335,
    "f1-score": 0.5098039215686274,
    "support": 30
  },
  "2": {
    "precision": 0.0,
    "recall": 0.0,
    "f1-score": 0.0,
    "support": 15
  },
  "3": {
    "precision": 0.23684210526315788,
    "recall": 0.6428571428571429,
    "f1-score": 0.34615384615384615,
    "support": 14
  },
  "accuracy": 0.35135135135135137,
  "macro avg": {
    "precision": 0.30488152198678514,
    "recall": 0.33571428571428574,
    "f1-score": 0.2909125188536953,
    "support": 74
  },
  "weighted avg": {
    "precision": 0.36948329053592216,
    "recall": 0.35135135135135137,
    "f1-score": 0.3345358933594228,
    "support": 74
  }
}