{
  "0": {
    "precision": 0.9722222222222222,
    "recall": 0.9551656920077972,
    "f1-score": 0.9636184857423794,
    "support": 513
  },
  "1": {
    "precision": 0.9561904761904761,
    "recall": 0.9728682170542635,
    "f1-score": 0.9644572526416906,
    "support": 516
  },
  "accuracy": 0.9640427599611273,
  "macro avg": {
    "precision": 0.9642063492063492,
    "recall": 0.9640169545310304,
    "f1-score": 0.964037869192035,
    "support": 1029
  },
  "weighted avg": {
    "precision": 0.9641829793141745,
    "recall": 0.9640427599611273,
    "f1-score": 0.964039091884308,
    "support": 1029
  }
}