{
  "0": {
    "precision": 0.7916666666666666,
    "recall": 0.5277777777777778,
    "f1-score": 0.6333333333333333,
    "support": 36
  },
  "1": {
    "precision": 0.7763157894736842,
    "recall": 0.921875,
    "f1-score": 0.842857142857143,
    "support": 64
  },
  "accuracy": 0.78,
  "macro avg": {
    "precision": 0.7839912280701754,
    "recall": 0.7248263888888888,
    "f1-score": 0.7380952380952381,
    "support": 100
  },
  "weighted avg": {
    "precision": 0.7818421052631578,
    "recall": 0.78,
    "f1-score": 0.7674285714285715,
    "support": 100
  }
}