{
  "0": {
    "precision": 0.6,
    "recall": 0.2,
    "f1-score": 0.3,
    "support": 15
  },
  "1": {
    "precision": 0.6896551724137931,
    "recall": 0.6666666666666666,
    "f1-score": 0.6779661016949153,
    "support": 30
  },
  "2": {
    "precision": 0.3333333333333333,
    "recall": 0.26666666666666666,
    "f1-score": 0.2962962962962963,
    "support": 15
  },
  "3": {
    "precision": 0.2857142857142857,
    "recall": 0.5714285714285714,
    "f1-score": 0.38095238095238093,
    "support": 14
  },
  "accuracy": 0.47297297297297297,
  "macro avg": {
    "precision": 0.4771756978653531,
    "recall": 0.4261904761904762,
    "f1-score": 0.4138036947358981,
    "support": 74
  },
  "weighted avg": {
    "precision": 0.5228331780055918,
    "recall": 0.47297297297297297,
    "f1-score": 0.4677940652516924,
    "support": 74
  }
}