{
  "0": {
    "precision": 0.675,
    "recall": 0.75,
    "f1-score": 0.7105263157894738,
    "support": 36
  },
  "1": {
    "precision": 0.85,
    "recall": 0.796875,
    "f1-score": 0.8225806451612903,
    "support": 64
  },
  "accuracy": 0.78,
  "macro avg": {
    "precision": 0.7625,
    "recall": 0.7734375,
    "f1-score": 0.766553480475382,
    "support": 100
  },
  "weighted avg": {
    "precision": 0.787,
    "recall": 0.78,
    "f1-score": 0.7822410865874363,
    "support": 100
  }
}