{
  "0": {
    "precision": 0.9285714285714286,
    "recall": 0.7222222222222222,
    "f1-score": 0.8125000000000001,
    "support": 36
  },
  "1": {
    "precision": 0.8611111111111112,
    "recall": 0.96875,
    "f1-score": 0.911764705882353,
    "support": 64
  },
  "accuracy": 0.88,
  "macro avg": {
    "precision": 0.8948412698412699,
    "recall": 0.8454861111111112,
    "f1-score": 0.8621323529411766,
    "support": 100
  },
  "weighted avg": {
    "precision": 0.8853968253968254,
    "recall": 0.88,
    "f1-score": 0.876029411764706,
    "support": 100
  }
}