{
  "hidden_size": 128,
  "rnn_layers": 1,
  "bias": false,
  "cell_dropout": 0.1,
  "rnn_dropout": 0.30000000000000004,
  "bidirectional": true,
  "fc_dropout": 0.30000000000000004
}