{
  "0": {
    "precision": 0.6666666666666666,
    "recall": 0.5555555555555556,
    "f1-score": 0.606060606060606,
    "support": 36
  },
  "1": {
    "precision": 0.7714285714285715,
    "recall": 0.84375,
    "f1-score": 0.8059701492537314,
    "support": 64
  },
  "accuracy": 0.74,
  "macro avg": {
    "precision": 0.719047619047619,
    "recall": 0.6996527777777778,
    "f1-score": 0.7060153776571687,
    "support": 100
  },
  "weighted avg": {
    "precision": 0.7337142857142857,
    "recall": 0.74,
    "f1-score": 0.7340027137042062,
    "support": 100
  }
}