{
  "0": {
    "precision": 0.3333333333333333,
    "recall": 0.13333333333333333,
    "f1-score": 0.19047619047619044,
    "support": 15
  },
  "1": {
    "precision": 0.6,
    "recall": 0.5,
    "f1-score": 0.5454545454545454,
    "support": 30
  },
  "2": {
    "precision": 0.14285714285714285,
    "recall": 0.13333333333333333,
    "f1-score": 0.1379310344827586,
    "support": 15
  },
  "3": {
    "precision": 0.20689655172413793,
    "recall": 0.42857142857142855,
    "f1-score": 0.2790697674418604,
    "support": 14
  },
  "accuracy": 0.33783783783783783,
  "macro avg": {
    "precision": 0.3207717569786535,
    "recall": 0.2988095238095238,
    "f1-score": 0.2882328844638387,
    "support": 74
  },
  "weighted avg": {
    "precision": 0.3789109306350686,
    "recall": 0.33783783783783783,
    "f1-score": 0.3404962362460358,
    "support": 74
  }
}