{
  "0": {
    "precision": 0.21052631578947367,
    "recall": 0.1111111111111111,
    "f1-score": 0.14545454545454545,
    "support": 36
  },
  "1": {
    "precision": 0.11607142857142858,
    "recall": 0.5,
    "f1-score": 0.18840579710144928,
    "support": 26
  },
  "2": {
    "precision": 0.08333333333333333,
    "recall": 0.12,
    "f1-score": 0.09836065573770492,
    "support": 25
  },
  "3": {
    "precision": 0.0,
    "recall": 0.0,
    "f1-score": 0.0,
    "support": 37
  },
  "4": {
    "precision": 0.0,
    "recall": 0.0,
    "f1-score": 0.0,
    "support": 40
  },
  "5": {
    "precision": 0.0,
    "recall": 0.0,
    "f1-score": 0.0,
    "support": 35
  },
  "6": {
    "precision": 0.0,
    "recall": 0.0,
    "f1-score": 0.0,
    "support": 29
  },
  "7": {
    "precision": 0.0,
    "recall": 0.0,
    "f1-score": 0.0,
    "support": 33
  },
  "8": {
    "precision": 0.0,
    "recall": 0.0,
    "f1-score": 0.0,
    "support": 32
  },
  "9": {
    "precision": 0.0,
    "recall": 0.0,
    "f1-score": 0.0,
    "support": 31
  },
  "10": {
    "precision": 0.017857142857142856,
    "recall": 0.030303030303030304,
    "f1-score": 0.02247191011235955,
    "support": 33
  },
  "11": {
    "precision": 0.0,
    "recall": 0.0,
    "f1-score": 0.0,
    "support": 34
  },
  "12": {
    "precision": 0.0,
    "recall": 0.0,
    "f1-score": 0.0,
    "support": 31
  },
  "13": {
    "precision": 0.0,
    "recall": 0.0,
    "f1-score": 0.0,
    "support": 34
  },
  "14": {
    "precision": 0.0,
    "recall": 0.0,
    "f1-score": 0.0,
    "support": 43
  },
  "15": {
    "precision": 0.5714285714285714,
    "recall": 0.125,
    "f1-score": 0.20512820512820512,
    "support": 32
  },
  "16": {
    "precision": 0.0,
    "recall": 0.0,
    "f1-score": 0.0,
    "support": 37
  },
  "17": {
    "precision": 0.0,
    "recall": 0.0,
    "f1-score": 0.0,
    "support": 26
  },
  "18": {
    "precision": 0.09777777777777778,
    "recall": 0.6875,
    "f1-score": 0.17120622568093385,
    "support": 32
  },
  "19": {
    "precision": 0.21052631578947367,
    "recall": 0.27586206896551724,
    "f1-score": 0.23880597014925373,
    "support": 29
  },
  "20": {
    "precision": 0.07344632768361582,
    "recall": 0.6046511627906976,
    "f1-score": 0.1309823677581864,
    "support": 43
  },
  "21": {
    "precision": 0.0,
    "recall": 0.0,
    "f1-score": 0.0,
    "support": 34
  },
  "22": {
    "precision": 0.0,
    "recall": 0.0,
    "f1-score": 0.0,
    "support": 30
  },
  "23": {
    "precision": 0.0,
    "recall": 0.0,
    "f1-score": 0.0,
    "support": 29
  },
  "24": {
    "precision": 0.0,
    "recall": 0.0,
    "f1-score": 0.0,
    "support": 32
  },
  "25": {
    "precision": 0.0,
    "recall": 0.0,
    "f1-score": 0.0,
    "support": 27
  },
  "accuracy": 0.09529411764705882,
  "macro avg": {
    "precision": 0.05311412358580066,
    "recall": 0.09440105281424448,
    "f1-score": 0.04618521835087071,
    "support": 850
  },
  "weighted avg": {
    "precision": 0.05170291997857721,
    "recall": 0.09529411764705882,
    "f1-score": 0.04463037708467603,
    "support": 850
  }
}