{
  "0": {
    "precision": 1.0,
    "recall": 0.007797270955165692,
    "f1-score": 0.015473887814313345,
    "support": 513.0
  },
  "1": {
    "precision": 0.5034146341463415,
    "recall": 1.0,
    "f1-score": 0.6696950032446464,
    "support": 516.0
  },
  "accuracy": 0.5053449951409135,
  "macro avg": {
    "precision": 0.7517073170731707,
    "recall": 0.5038986354775828,
    "f1-score": 0.34258444552947986,
    "support": 1029.0
  },
  "weighted avg": {
    "precision": 0.7509834317002062,
    "recall": 0.5053449951409135,
    "f1-score": 0.34353812062485933,
    "support": 1029.0
  }
}