{
  "0": {
    "precision": 0.45454545454545453,
    "recall": 0.3333333333333333,
    "f1-score": 0.3846153846153846,
    "support": 15
  },
  "1": {
    "precision": 0.4444444444444444,
    "recall": 0.26666666666666666,
    "f1-score": 0.33333333333333337,
    "support": 30
  },
  "2": {
    "precision": 0.19047619047619047,
    "recall": 0.26666666666666666,
    "f1-score": 0.2222222222222222,
    "support": 15
  },
  "3": {
    "precision": 0.20833333333333334,
    "recall": 0.35714285714285715,
    "f1-score": 0.2631578947368421,
    "support": 14
  },
  "accuracy": 0.2972972972972973,
  "macro avg": {
    "precision": 0.3244498556998557,
    "recall": 0.305952380952381,
    "f1-score": 0.30083220872694555,
    "support": 74
  },
  "weighted avg": {
    "precision": 0.3503422253422253,
    "recall": 0.2972972972972973,
    "f1-score": 0.30792938687675525,
    "support": 74
  }
}