{
  "0": {
    "precision": 0.2,
    "recall": 0.06666666666666667,
    "f1-score": 0.1,
    "support": 15
  },
  "1": {
    "precision": 0.5263157894736842,
    "recall": 0.3333333333333333,
    "f1-score": 0.4081632653061224,
    "support": 30
  },
  "2": {
    "precision": 0.15789473684210525,
    "recall": 0.2,
    "f1-score": 0.17647058823529413,
    "support": 15
  },
  "3": {
    "precision": 0.1935483870967742,
    "recall": 0.42857142857142855,
    "f1-score": 0.26666666666666666,
    "support": 14
  },
  "accuracy": 0.2702702702702703,
  "macro avg": {
    "precision": 0.26943972835314095,
    "recall": 0.2571428571428571,
    "f1-score": 0.23782513005202083,
    "support": 74
  },
  "weighted avg": {
    "precision": 0.3225347588675263,
    "recall": 0.2702702702702703,
    "f1-score": 0.2719633799465732,
    "support": 74
  }
}