{
  "0": {
    "precision": 0.2727272727272727,
    "recall": 0.2,
    "f1-score": 0.23076923076923075,
    "support": 15
  },
  "1": {
    "precision": 0.5294117647058824,
    "recall": 0.3,
    "f1-score": 0.3829787234042553,
    "support": 30
  },
  "2": {
    "precision": 0.2222222222222222,
    "recall": 0.13333333333333333,
    "f1-score": 0.16666666666666669,
    "support": 15
  },
  "3": {
    "precision": 0.24324324324324326,
    "recall": 0.6428571428571429,
    "f1-score": 0.35294117647058826,
    "support": 14
  },
  "accuracy": 0.3108108108108108,
  "macro avg": {
    "precision": 0.3169011257246551,
    "recall": 0.319047619047619,
    "f1-score": 0.2833389493276853,
    "support": 74
  },
  "weighted avg": {
    "precision": 0.36097298338951755,
    "recall": 0.3108108108108108,
    "f1-score": 0.3025956301926265,
    "support": 74
  }
}