{
  "0": {
    "precision": 0.031578947368421054,
    "recall": 0.16666666666666666,
    "f1-score": 0.05309734513274336,
    "support": 36
  },
  "1": {
    "precision": 0.09375,
    "recall": 0.23076923076923078,
    "f1-score": 0.13333333333333333,
    "support": 26
  },
  "2": {
    "precision": 0.030303030303030304,
    "recall": 0.12,
    "f1-score": 0.04838709677419355,
    "support": 25
  },
  "3": {
    "precision": 0.03571428571428571,
    "recall": 0.13513513513513514,
    "f1-score": 0.05649717514124294,
    "support": 37
  },
  "4": {
    "precision": 0.0,
    "recall": 0.0,
    "f1-score": 0.0,
    "support": 40
  },
  "5": {
    "precision": 0.0,
    "recall": 0.0,
    "f1-score": 0.0,
    "support": 35
  },
  "6": {
    "precision": 0.04,
    "recall": 0.10344827586206896,
    "f1-score": 0.057692307692307696,
    "support": 29
  },
  "7": {
    "precision": 0.0,
    "recall": 0.0,
    "f1-score": 0.0,
    "support": 33
  },
  "8": {
    "precision": 0.0,
    "recall": 0.0,
    "f1-score": 0.0,
    "support": 32
  },
  "9": {
    "precision": 0.08,
    "recall": 0.06451612903225806,
    "f1-score": 0.07142857142857142,
    "support": 31
  },
  "10": {
    "precision": 0.0,
    "recall": 0.0,
    "f1-score": 0.0,
    "support": 33
  },
  "11": {
    "precision": 0.0,
    "recall": 0.0,
    "f1-score": 0.0,
    "support": 34
  },
  "12": {
    "precision": 0.0,
    "recall": 0.0,
    "f1-score": 0.0,
    "support": 31
  },
  "13": {
    "precision": 0.0,
    "recall": 0.0,
    "f1-score": 0.0,
    "support": 34
  },
  "14": {
    "precision": 0.13402061855670103,
    "recall": 0.3023255813953488,
    "f1-score": 0.18571428571428572,
    "support": 43
  },
  "15": {
    "precision": 0.0,
    "recall": 0.0,
    "f1-score": 0.0,
    "support": 32
  },
  "16": {
    "precision": 0.0,
    "recall": 0.0,
    "f1-score": 0.0,
    "support": 37
  },
  "17": {
    "precision": 0.040983606557377046,
    "recall": 0.19230769230769232,
    "f1-score": 0.06756756756756757,
    "support": 26
  },
  "18": {
    "precision": 0.0,
    "recall": 0.0,
    "f1-score": 0.0,
    "support": 32
  },
  "19": {
    "precision": 0.0,
    "recall": 0.0,
    "f1-score": 0.0,
    "support": 29
  },
  "20": {
    "precision": 0.1111111111111111,
    "recall": 0.023255813953488372,
    "f1-score": 0.038461538461538464,
    "support": 43
  },
  "21": {
    "precision": 0.0,
    "recall": 0.0,
    "f1-score": 0.0,
    "support": 34
  },
  "22": {
    "precision": 0.0,
    "recall": 0.0,
    "f1-score": 0.0,
    "support": 30
  },
  "23": {
    "precision": 0.0,
    "recall": 0.0,
    "f1-score": 0.0,
    "support": 29
  },
  "24": {
    "precision": 0.0,
    "recall": 0.0,
    "f1-score": 0.0,
    "support": 32
  },
  "25": {
    "precision": 0.0,
    "recall": 0.0,
    "f1-score": 0.0,
    "support": 27
  },
  "accuracy": 0.05176470588235294,
  "macro avg": {
    "precision": 0.022979292292727934,
    "recall": 0.05147786635084188,
    "f1-score": 0.02739150850945323,
    "support": 850
  },
  "weighted avg": {
    "precision": 0.024587746565264957,
    "recall": 0.05176470588235294,
    "f1-score": 0.028190498617301284,
    "support": 850
  }
}