{
  "0": {
    "precision": 0.7560975609756098,
    "recall": 0.8611111111111112,
    "f1-score": 0.8051948051948052,
    "support": 36
  },
  "1": {
    "precision": 0.9152542372881356,
    "recall": 0.84375,
    "f1-score": 0.8780487804878049,
    "support": 64
  },
  "accuracy": 0.85,
  "macro avg": {
    "precision": 0.8356758991318727,
    "recall": 0.8524305555555556,
    "f1-score": 0.841621792841305,
    "support": 100
  },
  "weighted avg": {
    "precision": 0.8579578338156263,
    "recall": 0.85,
    "f1-score": 0.8518213493823251,
    "support": 100
  }
}