{
  "0": {
    "precision": 0.7419354838709677,
    "recall": 0.6388888888888888,
    "f1-score": 0.6865671641791045,
    "support": 36
  },
  "1": {
    "precision": 0.8115942028985508,
    "recall": 0.875,
    "f1-score": 0.8421052631578948,
    "support": 64
  },
  "accuracy": 0.79,
  "macro avg": {
    "precision": 0.7767648433847593,
    "recall": 0.7569444444444444,
    "f1-score": 0.7643362136684997,
    "support": 100
  },
  "weighted avg": {
    "precision": 0.786517064048621,
    "recall": 0.79,
    "f1-score": 0.7861115475255304,
    "support": 100
  }
}