{
  "0": {
    "precision": 0.3333333333333333,
    "recall": 0.06666666666666667,
    "f1-score": 0.1111111111111111,
    "support": 15
  },
  "1": {
    "precision": 0.6428571428571429,
    "recall": 0.6,
    "f1-score": 0.6206896551724138,
    "support": 30
  },
  "2": {
    "precision": 0.35294117647058826,
    "recall": 0.4,
    "f1-score": 0.37500000000000006,
    "support": 15
  },
  "3": {
    "precision": 0.34615384615384615,
    "recall": 0.6428571428571429,
    "f1-score": 0.45,
    "support": 14
  },
  "accuracy": 0.4594594594594595,
  "macro avg": {
    "precision": 0.4188213747037277,
    "recall": 0.4273809523809524,
    "f1-score": 0.3892001915708812,
    "support": 74
  },
  "weighted avg": {
    "precision": 0.4652160240395535,
    "recall": 0.4594594594594595,
    "f1-score": 0.4353021124572849,
    "support": 74
  }
}