{
  "0": {
    "precision": 0.3333333333333333,
    "recall": 0.06666666666666667,
    "f1-score": 0.1111111111111111,
    "support": 15
  },
  "1": {
    "precision": 0.6,
    "recall": 0.6,
    "f1-score": 0.6,
    "support": 30
  },
  "2": {
    "precision": 0.23529411764705882,
    "recall": 0.26666666666666666,
    "f1-score": 0.25,
    "support": 15
  },
  "3": {
    "precision": 0.25,
    "recall": 0.42857142857142855,
    "f1-score": 0.3157894736842105,
    "support": 14
  },
  "accuracy": 0.3918918918918919,
  "macro avg": {
    "precision": 0.35465686274509806,
    "recall": 0.3404761904761905,
    "f1-score": 0.31922514619883036,
    "support": 74
  },
  "weighted avg": {
    "precision": 0.4058028616852146,
    "recall": 0.3918918918918919,
    "f1-score": 0.37618539592223804,
    "support": 74
  }
}