{
  "0": {
    "precision": 0.4,
    "recall": 0.26666666666666666,
    "f1-score": 0.32,
    "support": 15
  },
  "1": {
    "precision": 0.5454545454545454,
    "recall": 0.4,
    "f1-score": 0.4615384615384615,
    "support": 30
  },
  "2": {
    "precision": 0.3333333333333333,
    "recall": 0.3333333333333333,
    "f1-score": 0.3333333333333333,
    "support": 15
  },
  "3": {
    "precision": 0.18518518518518517,
    "recall": 0.35714285714285715,
    "f1-score": 0.24390243902439024,
    "support": 14
  },
  "accuracy": 0.35135135135135137,
  "macro avg": {
    "precision": 0.365993265993266,
    "recall": 0.3392857142857143,
    "f1-score": 0.33969355847404625,
    "support": 74
  },
  "weighted avg": {
    "precision": 0.4048139048139048,
    "recall": 0.35135135135135137,
    "f1-score": 0.36568632422290953,
    "support": 74
  }
}