{
  "0": {
    "precision": 0.047619047619047616,
    "recall": 0.06666666666666667,
    "f1-score": 0.05555555555555555,
    "support": 15
  },
  "1": {
    "precision": 0.5714285714285714,
    "recall": 0.26666666666666666,
    "f1-score": 0.36363636363636365,
    "support": 30
  },
  "2": {
    "precision": 0.25,
    "recall": 0.2,
    "f1-score": 0.22222222222222224,
    "support": 15
  },
  "3": {
    "precision": 0.14814814814814814,
    "recall": 0.2857142857142857,
    "f1-score": 0.1951219512195122,
    "support": 14
  },
  "accuracy": 0.21621621621621623,
  "macro avg": {
    "precision": 0.2542989417989418,
    "recall": 0.20476190476190476,
    "f1-score": 0.2091340231584134,
    "support": 74
  },
  "weighted avg": {
    "precision": 0.320016445016445,
    "recall": 0.21621621621621623,
    "f1-score": 0.24064141747068576,
    "support": 74
  }
}