{
  "0": {
    "precision": 0.7777777777777778,
    "recall": 0.5833333333333334,
    "f1-score": 0.6666666666666666,
    "support": 36
  },
  "1": {
    "precision": 0.7945205479452054,
    "recall": 0.90625,
    "f1-score": 0.8467153284671532,
    "support": 64
  },
  "accuracy": 0.79,
  "macro avg": {
    "precision": 0.7861491628614916,
    "recall": 0.7447916666666667,
    "f1-score": 0.7566909975669099,
    "support": 100
  },
  "weighted avg": {
    "precision": 0.7884931506849315,
    "recall": 0.79,
    "f1-score": 0.781897810218978,
    "support": 100
  }
}