{
  "0": {
    "precision": 0.7,
    "recall": 0.7777777777777778,
    "f1-score": 0.7368421052631577,
    "support": 36
  },
  "1": {
    "precision": 0.8666666666666667,
    "recall": 0.8125,
    "f1-score": 0.8387096774193549,
    "support": 64
  },
  "accuracy": 0.8,
  "macro avg": {
    "precision": 0.7833333333333333,
    "recall": 0.7951388888888888,
    "f1-score": 0.7877758913412563,
    "support": 100
  },
  "weighted avg": {
    "precision": 0.8066666666666668,
    "recall": 0.8,
    "f1-score": 0.8020373514431239,
    "support": 100
  }
}