{
  "0": {
    "precision": 0.7703180212014135,
    "recall": 0.8499025341130604,
    "f1-score": 0.8081556997219648,
    "support": 513.0
  },
  "1": {
    "precision": 0.8336933045356372,
    "recall": 0.748062015503876,
    "f1-score": 0.7885597548518897,
    "support": 516.0
  },
  "accuracy": 0.7988338192419825,
  "macro avg": {
    "precision": 0.8020056628685253,
    "recall": 0.7989822748084682,
    "f1-score": 0.7983577272869272,
    "support": 1029.0
  },
  "weighted avg": {
    "precision": 0.8020980466634733,
    "recall": 0.7988338192419825,
    "f1-score": 0.7983291617696239,
    "support": 1029.0
  }
}