{
  "0": {
    "precision": 0.8055555555555556,
    "recall": 0.8055555555555556,
    "f1-score": 0.8055555555555556,
    "support": 36
  },
  "1": {
    "precision": 0.890625,
    "recall": 0.890625,
    "f1-score": 0.890625,
    "support": 64
  },
  "accuracy": 0.86,
  "macro avg": {
    "precision": 0.8480902777777778,
    "recall": 0.8480902777777778,
    "f1-score": 0.8480902777777778,
    "support": 100
  },
  "weighted avg": {
    "precision": 0.86,
    "recall": 0.86,
    "f1-score": 0.86,
    "support": 100
  }
}