{
  "0": {
    "precision": 0.4090909090909091,
    "recall": 0.6,
    "f1-score": 0.4864864864864865,
    "support": 15
  },
  "1": {
    "precision": 0.6071428571428571,
    "recall": 0.5666666666666667,
    "f1-score": 0.5862068965517241,
    "support": 30
  },
  "2": {
    "precision": 0.42857142857142855,
    "recall": 0.6,
    "f1-score": 0.5,
    "support": 15
  },
  "3": {
    "precision": 0.3333333333333333,
    "recall": 0.07142857142857142,
    "f1-score": 0.11764705882352941,
    "support": 14
  },
  "accuracy": 0.4864864864864865,
  "macro avg": {
    "precision": 0.444534632034632,
    "recall": 0.4595238095238095,
    "f1-score": 0.422585110465435,
    "support": 74
  },
  "weighted avg": {
    "precision": 0.47899847899847897,
    "recall": 0.4864864864864865,
    "f1-score": 0.45987247320781666,
    "support": 74
  }
}