{
  "0": {
    "precision": 0.14285714285714285,
    "recall": 0.06666666666666667,
    "f1-score": 0.09090909090909091,
    "support": 15
  },
  "1": {
    "precision": 0.47368421052631576,
    "recall": 0.3,
    "f1-score": 0.3673469387755102,
    "support": 30
  },
  "2": {
    "precision": 0.2777777777777778,
    "recall": 0.3333333333333333,
    "f1-score": 0.303030303030303,
    "support": 15
  },
  "3": {
    "precision": 0.2,
    "recall": 0.42857142857142855,
    "f1-score": 0.27272727272727276,
    "support": 14
  },
  "accuracy": 0.28378378378378377,
  "macro avg": {
    "precision": 0.2735797827903091,
    "recall": 0.28214285714285714,
    "f1-score": 0.2585034013605442,
    "support": 74
  },
  "weighted avg": {
    "precision": 0.31513581250423356,
    "recall": 0.28378378378378377,
    "f1-score": 0.2803740660883518,
    "support": 74
  }
}