{
  "0": {
    "precision": 0.2,
    "recall": 0.13333333333333333,
    "f1-score": 0.16,
    "support": 15
  },
  "1": {
    "precision": 0.6111111111111112,
    "recall": 0.36666666666666664,
    "f1-score": 0.45833333333333326,
    "support": 30
  },
  "2": {
    "precision": 0.5,
    "recall": 0.4666666666666667,
    "f1-score": 0.4827586206896552,
    "support": 15
  },
  "3": {
    "precision": 0.25,
    "recall": 0.5714285714285714,
    "f1-score": 0.34782608695652173,
    "support": 14
  },
  "accuracy": 0.3783783783783784,
  "macro avg": {
    "precision": 0.3902777777777778,
    "recall": 0.3845238095238095,
    "f1-score": 0.36222951024487754,
    "support": 74
  },
  "weighted avg": {
    "precision": 0.43693693693693697,
    "recall": 0.3783783783783784,
    "f1-score": 0.381904655780218,
    "support": 74
  }
}