{
  "0": {
    "precision": 0.0,
    "recall": 0.0,
    "f1-score": 0.0,
    "support": 36
  },
  "1": {
    "precision": 0.04700854700854701,
    "recall": 0.4230769230769231,
    "f1-score": 0.08461538461538462,
    "support": 26
  },
  "2": {
    "precision": 0.0,
    "recall": 0.0,
    "f1-score": 0.0,
    "support": 25
  },
  "3": {
    "precision": 0.0,
    "recall": 0.0,
    "f1-score": 0.0,
    "support": 37
  },
  "4": {
    "precision": 0.0,
    "recall": 0.0,
    "f1-score": 0.0,
    "support": 40
  },
  "5": {
    "precision": 0.0,
    "recall": 0.0,
    "f1-score": 0.0,
    "support": 35
  },
  "6": {
    "precision": 0.0,
    "recall": 0.0,
    "f1-score": 0.0,
    "support": 29
  },
  "7": {
    "precision": 0.0,
    "recall": 0.0,
    "f1-score": 0.0,
    "support": 33
  },
  "8": {
    "precision": 0.0,
    "recall": 0.0,
    "f1-score": 0.0,
    "support": 32
  },
  "9": {
    "precision": 0.0,
    "recall": 0.0,
    "f1-score": 0.0,
    "support": 31
  },
  "10": {
    "precision": 0.0,
    "recall": 0.0,
    "f1-score": 0.0,
    "support": 33
  },
  "11": {
    "precision": 0.0,
    "recall": 0.0,
    "f1-score": 0.0,
    "support": 34
  },
  "12": {
    "precision": 0.0,
    "recall": 0.0,
    "f1-score": 0.0,
    "support": 31
  },
  "13": {
    "precision": 0.0,
    "recall": 0.0,
    "f1-score": 0.0,
    "support": 34
  },
  "14": {
    "precision": 0.04533333333333334,
    "recall": 0.3953488372093023,
    "f1-score": 0.0813397129186603,
    "support": 43
  },
  "15": {
    "precision": 0.0,
    "recall": 0.0,
    "f1-score": 0.0,
    "support": 32
  },
  "16": {
    "precision": 0.0,
    "recall": 0.0,
    "f1-score": 0.0,
    "support": 37
  },
  "17": {
    "precision": 0.0,
    "recall": 0.0,
    "f1-score": 0.0,
    "support": 26
  },
  "18": {
    "precision": 0.0,
    "recall": 0.0,
    "f1-score": 0.0,
    "support": 32
  },
  "19": {
    "precision": 0.030303030303030304,
    "recall": 0.034482758620689655,
    "f1-score": 0.03225806451612904,
    "support": 29
  },
  "20": {
    "precision": 0.022222222222222223,
    "recall": 0.046511627906976744,
    "f1-score": 0.030075187969924814,
    "support": 43
  },
  "21": {
    "precision": 0.0,
    "recall": 0.0,
    "f1-score": 0.0,
    "support": 34
  },
  "22": {
    "precision": 0.0,
    "recall": 0.0,
    "f1-score": 0.0,
    "support": 30
  },
  "23": {
    "precision": 0.0,
    "recall": 0.0,
    "f1-score": 0.0,
    "support": 29
  },
  "24": {
    "precision": 0.0,
    "recall": 0.0,
    "f1-score": 0.0,
    "support": 32
  },
  "25": {
    "precision": 0.045454545454545456,
    "recall": 0.18518518518518517,
    "f1-score": 0.072992700729927,
    "support": 27
  },
  "accuracy": 0.042352941176470586,
  "macro avg": {
    "precision": 0.0073200645508337825,
    "recall": 0.04171558969227219,
    "f1-score": 0.011587732721154837,
    "support": 850
  },
  "weighted avg": {
    "precision": 0.007333143196672609,
    "recall": 0.042352941176470586,
    "f1-score": 0.011643679445746978,
    "support": 850
  }
}