{
  "0": {
    "precision": 0.9645669291338582,
    "recall": 0.9551656920077972,
    "f1-score": 0.9598432908912831,
    "support": 513
  },
  "1": {
    "precision": 0.9558541266794626,
    "recall": 0.9651162790697675,
    "f1-score": 0.9604628736740598,
    "support": 516
  },
  "accuracy": 0.9601554907677357,
  "macro avg": {
    "precision": 0.9602105279066604,
    "recall": 0.9601409855387824,
    "f1-score": 0.9601530822826714,
    "support": 1029
  },
  "weighted avg": {
    "precision": 0.960197827028447,
    "recall": 0.9601554907677357,
    "f1-score": 0.9601539854645705,
    "support": 1029
  }
}