{
  "0": {
    "precision": 0.5094339622641509,
    "recall": 0.75,
    "f1-score": 0.6067415730337078,
    "support": 36
  },
  "1": {
    "precision": 0.8085106382978723,
    "recall": 0.59375,
    "f1-score": 0.6846846846846846,
    "support": 64
  },
  "accuracy": 0.65,
  "macro avg": {
    "precision": 0.6589723002810116,
    "recall": 0.671875,
    "f1-score": 0.6457131288591962,
    "support": 100
  },
  "weighted avg": {
    "precision": 0.7008430349257325,
    "recall": 0.65,
    "f1-score": 0.6566251644903329,
    "support": 100
  }
}