{
  "0": {
    "precision": 0.9837067209775967,
    "recall": 0.9415204678362573,
    "f1-score": 0.9621513944223108,
    "support": 513
  },
  "1": {
    "precision": 0.9442379182156134,
    "recall": 0.9844961240310077,
    "f1-score": 0.9639468690702087,
    "support": 516
  },
  "accuracy": 0.9630709426627794,
  "macro avg": {
    "precision": 0.963972319596605,
    "recall": 0.9630082959336326,
    "f1-score": 0.9630491317462597,
    "support": 1029
  },
  "weighted avg": {
    "precision": 0.9639147848987013,
    "recall": 0.9630709426627794,
    "f1-score": 0.9630517490562421,
    "support": 1029
  }
}