{
  "0": {
    "precision": 0.2,
    "recall": 0.06666666666666667,
    "f1-score": 0.1,
    "support": 15
  },
  "1": {
    "precision": 0.6551724137931034,
    "recall": 0.6333333333333333,
    "f1-score": 0.6440677966101694,
    "support": 30
  },
  "2": {
    "precision": 0.3125,
    "recall": 0.3333333333333333,
    "f1-score": 0.3225806451612903,
    "support": 15
  },
  "3": {
    "precision": 0.2916666666666667,
    "recall": 0.5,
    "f1-score": 0.3684210526315789,
    "support": 14
  },
  "accuracy": 0.43243243243243246,
  "macro avg": {
    "precision": 0.36483477011494253,
    "recall": 0.3833333333333333,
    "f1-score": 0.35876737360075966,
    "support": 74
  },
  "weighted avg": {
    "precision": 0.4246757533395465,
    "recall": 0.43243243243243246,
    "f1-score": 0.41646808530495333,
    "support": 74
  }
}