{
  "0": {
    "precision": 0.23076923076923078,
    "recall": 0.2,
    "f1-score": 0.21428571428571427,
    "support": 15
  },
  "1": {
    "precision": 0.5625,
    "recall": 0.3,
    "f1-score": 0.3913043478260869,
    "support": 30
  },
  "2": {
    "precision": 0.3333333333333333,
    "recall": 0.13333333333333333,
    "f1-score": 0.19047619047619044,
    "support": 15
  },
  "3": {
    "precision": 0.20512820512820512,
    "recall": 0.5714285714285714,
    "f1-score": 0.3018867924528302,
    "support": 14
  },
  "accuracy": 0.2972972972972973,
  "macro avg": {
    "precision": 0.3329326923076923,
    "recall": 0.3011904761904762,
    "f1-score": 0.2744882612602055,
    "support": 74
  },
  "weighted avg": {
    "precision": 0.38119369369369366,
    "recall": 0.2972972972972973,
    "f1-score": 0.29779694730474054,
    "support": 74
  }
}