{
  "0": {
    "precision": 0.9743589743589743,
    "recall": 0.9629629629629629,
    "f1-score": 0.9686274509803922,
    "support": 513
  },
  "1": {
    "precision": 0.9636015325670498,
    "recall": 0.9748062015503876,
    "f1-score": 0.9691714836223507,
    "support": 516
  },
  "accuracy": 0.9689018464528668,
  "macro avg": {
    "precision": 0.9689802534630121,
    "recall": 0.9688845822566752,
    "f1-score": 0.9688994673013714,
    "support": 1029
  },
  "weighted avg": {
    "precision": 0.968964572060983,
    "recall": 0.9689018464528668,
    "f1-score": 0.9689002603518698,
    "support": 1029
  }
}