{
  "0": {
    "precision": 0.14285714285714285,
    "recall": 0.06666666666666667,
    "f1-score": 0.09090909090909091,
    "support": 15
  },
  "1": {
    "precision": 0.56,
    "recall": 0.4666666666666667,
    "f1-score": 0.509090909090909,
    "support": 30
  },
  "2": {
    "precision": 0.26666666666666666,
    "recall": 0.26666666666666666,
    "f1-score": 0.26666666666666666,
    "support": 15
  },
  "3": {
    "precision": 0.2222222222222222,
    "recall": 0.42857142857142855,
    "f1-score": 0.29268292682926833,
    "support": 14
  },
  "accuracy": 0.33783783783783783,
  "macro avg": {
    "precision": 0.29793650793650794,
    "recall": 0.30714285714285716,
    "f1-score": 0.28983739837398376,
    "support": 74
  },
  "weighted avg": {
    "precision": 0.3520806520806521,
    "recall": 0.33783783783783783,
    "f1-score": 0.33424222448612695,
    "support": 74
  }
}