{
  "0": {
    "precision": 0.25925925925925924,
    "recall": 0.4666666666666667,
    "f1-score": 0.33333333333333337,
    "support": 15.0
  },
  "1": {
    "precision": 0.75,
    "recall": 0.3,
    "f1-score": 0.4285714285714285,
    "support": 30.0
  },
  "2": {
    "precision": 0.39285714285714285,
    "recall": 0.7333333333333333,
    "f1-score": 0.5116279069767441,
    "support": 15.0
  },
  "3": {
    "precision": 0.42857142857142855,
    "recall": 0.21428571428571427,
    "f1-score": 0.2857142857142857,
    "support": 14.0
  },
  "accuracy": 0.40540540540540543,
  "macro avg": {
    "precision": 0.4576719576719577,
    "recall": 0.42857142857142855,
    "f1-score": 0.3898117386489479,
    "support": 74.0
  },
  "weighted avg": {
    "precision": 0.5173208923208923,
    "recall": 0.40540540540540543,
    "f1-score": 0.39907515488910833,
    "support": 74.0
  }
}