{
  "0": {
    "precision": 0.9722772277227723,
    "recall": 0.9571150097465887,
    "f1-score": 0.9646365422396856,
    "support": 513
  },
  "1": {
    "precision": 0.9580152671755725,
    "recall": 0.9728682170542635,
    "f1-score": 0.9653846153846154,
    "support": 516
  },
  "accuracy": 0.9650145772594753,
  "macro avg": {
    "precision": 0.9651462474491723,
    "recall": 0.9649916134004262,
    "f1-score": 0.9650105788121506,
    "support": 1029
  },
  "weighted avg": {
    "precision": 0.9651254574192202,
    "recall": 0.9650145772594753,
    "f1-score": 0.9650116692977846,
    "support": 1029
  }
}