{
  "0": {
    "precision": 0.9704142011834319,
    "recall": 0.9590643274853801,
    "f1-score": 0.9647058823529411,
    "support": 513
  },
  "1": {
    "precision": 0.9597701149425287,
    "recall": 0.9709302325581395,
    "f1-score": 0.9653179190751445,
    "support": 516
  },
  "accuracy": 0.9650145772594753,
  "macro avg": {
    "precision": 0.9650921580629803,
    "recall": 0.9649972800217598,
    "f1-score": 0.9650119007140427,
    "support": 1029
  },
  "weighted avg": {
    "precision": 0.9650766419022793,
    "recall": 0.9650145772594753,
    "f1-score": 0.9650127928958536,
    "support": 1029
  }
}