{
  "0": {
    "precision": 0.18181818181818182,
    "recall": 0.4,
    "f1-score": 0.25000000000000006,
    "support": 15
  },
  "1": {
    "precision": 1.0,
    "recall": 0.03333333333333333,
    "f1-score": 0.06451612903225806,
    "support": 30
  },
  "2": {
    "precision": 0.3333333333333333,
    "recall": 0.6666666666666666,
    "f1-score": 0.4444444444444444,
    "support": 15
  },
  "3": {
    "precision": 0.2,
    "recall": 0.14285714285714285,
    "f1-score": 0.16666666666666666,
    "support": 14
  },
  "accuracy": 0.25675675675675674,
  "macro avg": {
    "precision": 0.4287878787878788,
    "recall": 0.3107142857142857,
    "f1-score": 0.2314068100358423,
    "support": 74
  },
  "weighted avg": {
    "precision": 0.5476658476658476,
    "recall": 0.25675675675675674,
    "f1-score": 0.1984524847428073,
    "support": 74
  }
}