{
  "0": {
    "precision": 0.16666666666666666,
    "recall": 0.027777777777777776,
    "f1-score": 0.04761904761904762,
    "support": 36
  },
  "1": {
    "precision": 0.6276595744680851,
    "recall": 0.921875,
    "f1-score": 0.7468354430379747,
    "support": 64
  },
  "accuracy": 0.6,
  "macro avg": {
    "precision": 0.39716312056737585,
    "recall": 0.4748263888888889,
    "f1-score": 0.39722724532851117,
    "support": 100
  },
  "weighted avg": {
    "precision": 0.46170212765957447,
    "recall": 0.6,
    "f1-score": 0.49511754068716096,
    "support": 100
  }
}