{
  "0": {
    "precision": 0.30434782608695654,
    "recall": 0.4666666666666667,
    "f1-score": 0.3684210526315789,
    "support": 15.0
  },
  "1": {
    "precision": 0.7777777777777778,
    "recall": 0.23333333333333334,
    "f1-score": 0.35897435897435903,
    "support": 30.0
  },
  "2": {
    "precision": 0.3181818181818182,
    "recall": 0.4666666666666667,
    "f1-score": 0.3783783783783784,
    "support": 15.0
  },
  "3": {
    "precision": 0.25,
    "recall": 0.35714285714285715,
    "f1-score": 0.2941176470588235,
    "support": 14.0
  },
  "accuracy": 0.35135135135135137,
  "macro avg": {
    "precision": 0.4125768555116381,
    "recall": 0.38095238095238093,
    "f1-score": 0.3499728592607849,
    "support": 74.0
  },
  "weighted avg": {
    "precision": 0.4888010540184453,
    "recall": 0.35135135135135137,
    "f1-score": 0.3525522877459954,
    "support": 74.0
  }
}