{
  "0": {
    "precision": 0.45,
    "recall": 0.25,
    "f1-score": 0.32142857142857145,
    "support": 36
  },
  "1": {
    "precision": 0.6625,
    "recall": 0.828125,
    "f1-score": 0.736111111111111,
    "support": 64
  },
  "accuracy": 0.62,
  "macro avg": {
    "precision": 0.55625,
    "recall": 0.5390625,
    "f1-score": 0.5287698412698413,
    "support": 100
  },
  "weighted avg": {
    "precision": 0.586,
    "recall": 0.62,
    "f1-score": 0.5868253968253968,
    "support": 100
  }
}