{
  "0": {
    "precision": 0.4,
    "recall": 0.26666666666666666,
    "f1-score": 0.32,
    "support": 15
  },
  "1": {
    "precision": 0.52,
    "recall": 0.43333333333333335,
    "f1-score": 0.4727272727272728,
    "support": 30
  },
  "2": {
    "precision": 0.29411764705882354,
    "recall": 0.3333333333333333,
    "f1-score": 0.3125,
    "support": 15
  },
  "3": {
    "precision": 0.2727272727272727,
    "recall": 0.42857142857142855,
    "f1-score": 0.33333333333333326,
    "support": 14
  },
  "accuracy": 0.3783783783783784,
  "macro avg": {
    "precision": 0.37171122994652406,
    "recall": 0.36547619047619045,
    "f1-score": 0.3596401515151515,
    "support": 74
  },
  "weighted avg": {
    "precision": 0.40310738546032665,
    "recall": 0.3783783783783784,
    "f1-score": 0.38291871416871415,
    "support": 74
  }
}