{
  "0": {
    "precision": 0.9724409448818898,
    "recall": 0.9629629629629629,
    "f1-score": 0.9676787463271302,
    "support": 513
  },
  "1": {
    "precision": 0.963531669865643,
    "recall": 0.9728682170542635,
    "f1-score": 0.9681774349083895,
    "support": 516
  },
  "accuracy": 0.967930029154519,
  "macro avg": {
    "precision": 0.9679863073737665,
    "recall": 0.9679155900086132,
    "f1-score": 0.9679280906177599,
    "support": 1029
  },
  "weighted avg": {
    "precision": 0.9679733200924017,
    "recall": 0.967930029154519,
    "f1-score": 0.9679288175690444,
    "support": 1029
  }
}