{
  "0": {
    "precision": 0.0,
    "recall": 0.0,
    "f1-score": 0.0,
    "support": 15
  },
  "1": {
    "precision": 0.6296296296296297,
    "recall": 0.5666666666666667,
    "f1-score": 0.5964912280701755,
    "support": 30
  },
  "2": {
    "precision": 0.3125,
    "recall": 0.3333333333333333,
    "f1-score": 0.3225806451612903,
    "support": 15
  },
  "3": {
    "precision": 0.25925925925925924,
    "recall": 0.5,
    "f1-score": 0.3414634146341463,
    "support": 14
  },
  "accuracy": 0.3918918918918919,
  "macro avg": {
    "precision": 0.3003472222222222,
    "recall": 0.35,
    "f1-score": 0.31513382196640305,
    "support": 74
  },
  "weighted avg": {
    "precision": 0.3676488988988989,
    "recall": 0.3918918918918919,
    "f1-score": 0.3718099233027388,
    "support": 74
  }
}