{
  "0": {
    "precision": 0.9259259259259259,
    "recall": 0.6944444444444444,
    "f1-score": 0.7936507936507936,
    "support": 36
  },
  "1": {
    "precision": 0.8493150684931506,
    "recall": 0.96875,
    "f1-score": 0.9051094890510949,
    "support": 64
  },
  "accuracy": 0.87,
  "macro avg": {
    "precision": 0.8876204972095383,
    "recall": 0.8315972222222222,
    "f1-score": 0.8493801413509443,
    "support": 100
  },
  "weighted avg": {
    "precision": 0.8768949771689498,
    "recall": 0.87,
    "f1-score": 0.8649843587069864,
    "support": 100
  }
}