{
  "0": {
    "precision": 0.8611111111111112,
    "recall": 0.8611111111111112,
    "f1-score": 0.8611111111111112,
    "support": 36
  },
  "1": {
    "precision": 0.921875,
    "recall": 0.921875,
    "f1-score": 0.921875,
    "support": 64
  },
  "accuracy": 0.9,
  "macro avg": {
    "precision": 0.8914930555555556,
    "recall": 0.8914930555555556,
    "f1-score": 0.8914930555555556,
    "support": 100
  },
  "weighted avg": {
    "precision": 0.9,
    "recall": 0.9,
    "f1-score": 0.9,
    "support": 100
  }
}