{
  "0": {
    "precision": 0.696969696969697,
    "recall": 0.6388888888888888,
    "f1-score": 0.6666666666666666,
    "support": 36
  },
  "1": {
    "precision": 0.8059701492537313,
    "recall": 0.84375,
    "f1-score": 0.8244274809160305,
    "support": 64
  },
  "accuracy": 0.77,
  "macro avg": {
    "precision": 0.7514699231117141,
    "recall": 0.7413194444444444,
    "f1-score": 0.7455470737913485,
    "support": 100
  },
  "weighted avg": {
    "precision": 0.766729986431479,
    "recall": 0.77,
    "f1-score": 0.7676335877862596,
    "support": 100
  }
}