{
  "0": {
    "precision": 0.5,
    "recall": 0.13333333333333333,
    "f1-score": 0.2105263157894737,
    "support": 15
  },
  "1": {
    "precision": 0.6296296296296297,
    "recall": 0.5666666666666667,
    "f1-score": 0.5964912280701755,
    "support": 30
  },
  "2": {
    "precision": 0.2857142857142857,
    "recall": 0.26666666666666666,
    "f1-score": 0.2758620689655172,
    "support": 15
  },
  "3": {
    "precision": 0.27586206896551724,
    "recall": 0.5714285714285714,
    "f1-score": 0.37209302325581395,
    "support": 14
  },
  "accuracy": 0.4189189189189189,
  "macro avg": {
    "precision": 0.4228014960773582,
    "recall": 0.3845238095238095,
    "f1-score": 0.36374315902024507,
    "support": 74
  },
  "weighted avg": {
    "precision": 0.4667117856773029,
    "recall": 0.4189189189189189,
    "f1-score": 0.41080898566231794,
    "support": 74
  }
}