{
  "0": {
    "precision": 0.3333333333333333,
    "recall": 0.13333333333333333,
    "f1-score": 0.19047619047619044,
    "support": 15.0
  },
  "1": {
    "precision": 1.0,
    "recall": 0.03333333333333333,
    "f1-score": 0.06451612903225806,
    "support": 30.0
  },
  "2": {
    "precision": 0.2,
    "recall": 0.13333333333333333,
    "f1-score": 0.16,
    "support": 15.0
  },
  "3": {
    "precision": 0.24561403508771928,
    "recall": 1.0,
    "f1-score": 0.3943661971830986,
    "support": 14.0
  },
  "accuracy": 0.25675675675675674,
  "macro avg": {
    "precision": 0.4447368421052631,
    "recall": 0.325,
    "f1-score": 0.20233962917288678,
    "support": 74.0
  },
  "weighted avg": {
    "precision": 0.5599810336652442,
    "recall": 0.25675675675675674,
    "f1-score": 0.17180747957667541,
    "support": 74.0
  }
}