{
  "0": {
    "precision": 0.1,
    "recall": 0.06666666666666667,
    "f1-score": 0.08,
    "support": 15
  },
  "1": {
    "precision": 0.36363636363636365,
    "recall": 0.13333333333333333,
    "f1-score": 0.1951219512195122,
    "support": 30
  },
  "2": {
    "precision": 0.3448275862068966,
    "recall": 0.6666666666666666,
    "f1-score": 0.4545454545454545,
    "support": 15
  },
  "3": {
    "precision": 0.16666666666666666,
    "recall": 0.2857142857142857,
    "f1-score": 0.2105263157894737,
    "support": 14
  },
  "accuracy": 0.25675675675675674,
  "macro avg": {
    "precision": 0.2437826541274817,
    "recall": 0.28809523809523807,
    "f1-score": 0.2350484303886101,
    "support": 74
  },
  "weighted avg": {
    "precision": 0.26911943291253637,
    "recall": 0.25675675675675674,
    "f1-score": 0.22728660507864618,
    "support": 74
  }
}