{
  "0": {
    "precision": 0.8,
    "recall": 0.7777777777777778,
    "f1-score": 0.7887323943661971,
    "support": 36
  },
  "1": {
    "precision": 0.8769230769230769,
    "recall": 0.890625,
    "f1-score": 0.883720930232558,
    "support": 64
  },
  "accuracy": 0.85,
  "macro avg": {
    "precision": 0.8384615384615385,
    "recall": 0.8342013888888888,
    "f1-score": 0.8362266622993776,
    "support": 100
  },
  "weighted avg": {
    "precision": 0.8492307692307692,
    "recall": 0.85,
    "f1-score": 0.8495250573206681,
    "support": 100
  }
}