{
  "0": {
    "precision": 0.0,
    "recall": 0.0,
    "f1-score": 0.0,
    "support": 15
  },
  "1": {
    "precision": 0.6153846153846154,
    "recall": 0.5333333333333333,
    "f1-score": 0.5714285714285715,
    "support": 30
  },
  "2": {
    "precision": 0.42857142857142855,
    "recall": 0.4,
    "f1-score": 0.4137931034482759,
    "support": 15
  },
  "3": {
    "precision": 0.3225806451612903,
    "recall": 0.7142857142857143,
    "f1-score": 0.4444444444444444,
    "support": 14
  },
  "accuracy": 0.43243243243243246,
  "macro avg": {
    "precision": 0.34163417227933357,
    "recall": 0.4119047619047619,
    "f1-score": 0.35741652983032296,
    "support": 74
  },
  "weighted avg": {
    "precision": 0.3973816070590264,
    "recall": 0.43243243243243246,
    "f1-score": 0.39962129617302034,
    "support": 74
  }
}