{
  "0": {
    "precision": 0.875,
    "recall": 0.7777777777777778,
    "f1-score": 0.823529411764706,
    "support": 36
  },
  "1": {
    "precision": 0.8823529411764706,
    "recall": 0.9375,
    "f1-score": 0.9090909090909091,
    "support": 64
  },
  "accuracy": 0.88,
  "macro avg": {
    "precision": 0.8786764705882353,
    "recall": 0.8576388888888888,
    "f1-score": 0.8663101604278075,
    "support": 100
  },
  "weighted avg": {
    "precision": 0.8797058823529411,
    "recall": 0.88,
    "f1-score": 0.8782887700534759,
    "support": 100
  }
}