{
  "0": {
    "precision": 0.8333333333333334,
    "recall": 0.2777777777777778,
    "f1-score": 0.4166666666666667,
    "support": 36
  },
  "1": {
    "precision": 0.7045454545454546,
    "recall": 0.96875,
    "f1-score": 0.8157894736842106,
    "support": 64
  },
  "accuracy": 0.72,
  "macro avg": {
    "precision": 0.768939393939394,
    "recall": 0.6232638888888888,
    "f1-score": 0.6162280701754387,
    "support": 100
  },
  "weighted avg": {
    "precision": 0.750909090909091,
    "recall": 0.72,
    "f1-score": 0.6721052631578948,
    "support": 100
  }
}