{
  "0": {
    "precision": 0.3333333333333333,
    "recall": 0.13333333333333333,
    "f1-score": 0.19047619047619044,
    "support": 15
  },
  "1": {
    "precision": 0.5555555555555556,
    "recall": 0.5,
    "f1-score": 0.5263157894736842,
    "support": 30
  },
  "2": {
    "precision": 0.2,
    "recall": 0.26666666666666666,
    "f1-score": 0.2285714285714286,
    "support": 15
  },
  "3": {
    "precision": 0.23809523809523808,
    "recall": 0.35714285714285715,
    "f1-score": 0.2857142857142857,
    "support": 14
  },
  "accuracy": 0.35135135135135137,
  "macro avg": {
    "precision": 0.33174603174603173,
    "recall": 0.3142857142857143,
    "f1-score": 0.30776942355889725,
    "support": 74
  },
  "weighted avg": {
    "precision": 0.3783783783783784,
    "recall": 0.35135135135135137,
    "f1-score": 0.35236740499898395,
    "support": 74
  }
}