{
  "0": {
    "precision": 0.09090909090909091,
    "recall": 0.06666666666666667,
    "f1-score": 0.07692307692307691,
    "support": 15
  },
  "1": {
    "precision": 0.55,
    "recall": 0.36666666666666664,
    "f1-score": 0.43999999999999995,
    "support": 30
  },
  "2": {
    "precision": 0.3125,
    "recall": 0.3333333333333333,
    "f1-score": 0.3225806451612903,
    "support": 15
  },
  "3": {
    "precision": 0.14814814814814814,
    "recall": 0.2857142857142857,
    "f1-score": 0.1951219512195122,
    "support": 14
  },
  "accuracy": 0.28378378378378377,
  "macro avg": {
    "precision": 0.27538930976430975,
    "recall": 0.26309523809523805,
    "f1-score": 0.2586564183259698,
    "support": 74
  },
  "weighted avg": {
    "precision": 0.332773114023114,
    "recall": 0.28378378378378377,
    "f1-score": 0.29627382632890104,
    "support": 74
  }
}