{
  "0": {
    "precision": 0.9117647058823529,
    "recall": 0.8611111111111112,
    "f1-score": 0.8857142857142858,
    "support": 36
  },
  "1": {
    "precision": 0.9242424242424242,
    "recall": 0.953125,
    "f1-score": 0.9384615384615383,
    "support": 64
  },
  "accuracy": 0.92,
  "macro avg": {
    "precision": 0.9180035650623886,
    "recall": 0.9071180555555556,
    "f1-score": 0.9120879120879121,
    "support": 100
  },
  "weighted avg": {
    "precision": 0.9197504456327985,
    "recall": 0.92,
    "f1-score": 0.9194725274725275,
    "support": 100
  }
}