{
  "0": {
    "precision": 0.6956521739130435,
    "recall": 0.8888888888888888,
    "f1-score": 0.7804878048780488,
    "support": 36
  },
  "1": {
    "precision": 0.9259259259259259,
    "recall": 0.78125,
    "f1-score": 0.847457627118644,
    "support": 64
  },
  "accuracy": 0.82,
  "macro avg": {
    "precision": 0.8107890499194848,
    "recall": 0.8350694444444444,
    "f1-score": 0.8139727159983464,
    "support": 100
  },
  "weighted avg": {
    "precision": 0.8430273752012883,
    "recall": 0.82,
    "f1-score": 0.8233484911120297,
    "support": 100
  }
}