{
  "0": {
    "precision": 0.9647058823529412,
    "recall": 0.9590643274853801,
    "f1-score": 0.9618768328445748,
    "support": 513
  },
  "1": {
    "precision": 0.9595375722543352,
    "recall": 0.9651162790697675,
    "f1-score": 0.9623188405797102,
    "support": 516
  },
  "accuracy": 0.9620991253644315,
  "macro avg": {
    "precision": 0.9621217273036382,
    "recall": 0.9620903032775738,
    "f1-score": 0.9620978367121424,
    "support": 1029
  },
  "weighted avg": {
    "precision": 0.9621141933239026,
    "recall": 0.9620991253644315,
    "f1-score": 0.962098481038287,
    "support": 1029
  }
}