{
  "0": {
    "precision": 0.2777777777777778,
    "recall": 0.3333333333333333,
    "f1-score": 0.303030303030303,
    "support": 15
  },
  "1": {
    "precision": 0.7222222222222222,
    "recall": 0.43333333333333335,
    "f1-score": 0.5416666666666666,
    "support": 30
  },
  "2": {
    "precision": 0.3333333333333333,
    "recall": 0.3333333333333333,
    "f1-score": 0.3333333333333333,
    "support": 15
  },
  "3": {
    "precision": 0.2608695652173913,
    "recall": 0.42857142857142855,
    "f1-score": 0.3243243243243243,
    "support": 14
  },
  "accuracy": 0.3918918918918919,
  "macro avg": {
    "precision": 0.39855072463768115,
    "recall": 0.3821428571428571,
    "f1-score": 0.37558865683865683,
    "support": 74
  },
  "weighted avg": {
    "precision": 0.4660203681942813,
    "recall": 0.3918918918918919,
    "f1-score": 0.4099458795404741,
    "support": 74
  }
}