{
  "0": {
    "precision": 0.0,
    "recall": 0.0,
    "f1-score": 0.0,
    "support": 15
  },
  "1": {
    "precision": 0.47368421052631576,
    "recall": 0.3,
    "f1-score": 0.3673469387755102,
    "support": 30
  },
  "2": {
    "precision": 0.35714285714285715,
    "recall": 0.3333333333333333,
    "f1-score": 0.3448275862068965,
    "support": 15
  },
  "3": {
    "precision": 0.20588235294117646,
    "recall": 0.5,
    "f1-score": 0.2916666666666667,
    "support": 14
  },
  "accuracy": 0.28378378378378377,
  "macro avg": {
    "precision": 0.25917735515258733,
    "recall": 0.2833333333333333,
    "f1-score": 0.25096029791226837,
    "support": 74
  },
  "weighted avg": {
    "precision": 0.3033786772176865,
    "recall": 0.28378378378378377,
    "f1-score": 0.2740020985094877,
    "support": 74
  }
}