{
  "0": {
    "precision": 0.6666666666666666,
    "recall": 0.3333333333333333,
    "f1-score": 0.4444444444444444,
    "support": 36
  },
  "1": {
    "precision": 0.7073170731707317,
    "recall": 0.90625,
    "f1-score": 0.7945205479452054,
    "support": 64
  },
  "accuracy": 0.7,
  "macro avg": {
    "precision": 0.6869918699186992,
    "recall": 0.6197916666666666,
    "f1-score": 0.6194824961948249,
    "support": 100
  },
  "weighted avg": {
    "precision": 0.6926829268292682,
    "recall": 0.7,
    "f1-score": 0.6684931506849315,
    "support": 100
  }
}