{
  "0": {
    "precision": 0.2857142857142857,
    "recall": 0.13333333333333333,
    "f1-score": 0.18181818181818182,
    "support": 15
  },
  "1": {
    "precision": 0.55,
    "recall": 0.36666666666666664,
    "f1-score": 0.43999999999999995,
    "support": 30
  },
  "2": {
    "precision": 0.23076923076923078,
    "recall": 0.2,
    "f1-score": 0.21428571428571427,
    "support": 15
  },
  "3": {
    "precision": 0.14705882352941177,
    "recall": 0.35714285714285715,
    "f1-score": 0.20833333333333334,
    "support": 14
  },
  "accuracy": 0.28378378378378377,
  "macro avg": {
    "precision": 0.30338558500323204,
    "recall": 0.2642857142857143,
    "f1-score": 0.2611093073593074,
    "support": 74
  },
  "weighted avg": {
    "precision": 0.3554875172522231,
    "recall": 0.28378378378378377,
    "f1-score": 0.2980841230841231,
    "support": 74
  }
}