{
  "0": {
    "precision": 0.5,
    "recall": 0.3333333333333333,
    "f1-score": 0.4,
    "support": 15
  },
  "1": {
    "precision": 0.4482758620689655,
    "recall": 0.43333333333333335,
    "f1-score": 0.44067796610169496,
    "support": 30
  },
  "2": {
    "precision": 0.16666666666666666,
    "recall": 0.2,
    "f1-score": 0.1818181818181818,
    "support": 15
  },
  "3": {
    "precision": 0.29411764705882354,
    "recall": 0.35714285714285715,
    "f1-score": 0.3225806451612903,
    "support": 14
  },
  "accuracy": 0.35135135135135137,
  "macro avg": {
    "precision": 0.35226504394861397,
    "recall": 0.33095238095238094,
    "f1-score": 0.3362691982702918,
    "support": 74
  },
  "weighted avg": {
    "precision": 0.37251247190395265,
    "recall": 0.35135135135135137,
    "f1-score": 0.35761811814299516,
    "support": 74
  }
}