{
  "0": {
    "precision": 0.7837837837837838,
    "recall": 0.8055555555555556,
    "f1-score": 0.7945205479452055,
    "support": 36
  },
  "1": {
    "precision": 0.8888888888888888,
    "recall": 0.875,
    "f1-score": 0.8818897637795274,
    "support": 64
  },
  "accuracy": 0.85,
  "macro avg": {
    "precision": 0.8363363363363363,
    "recall": 0.8402777777777778,
    "f1-score": 0.8382051558623664,
    "support": 100
  },
  "weighted avg": {
    "precision": 0.851051051051051,
    "recall": 0.85,
    "f1-score": 0.8504368460791716,
    "support": 100
  }
}