{
  "0": {
    "precision": 0.4714285714285714,
    "recall": 0.9166666666666666,
    "f1-score": 0.6226415094339622,
    "support": 36
  },
  "1": {
    "precision": 0.9,
    "recall": 0.421875,
    "f1-score": 0.574468085106383,
    "support": 64
  },
  "accuracy": 0.6,
  "macro avg": {
    "precision": 0.6857142857142857,
    "recall": 0.6692708333333333,
    "f1-score": 0.5985547972701726,
    "support": 100
  },
  "weighted avg": {
    "precision": 0.7457142857142857,
    "recall": 0.6,
    "f1-score": 0.5918105178643116,
    "support": 100
  }
}