{
  "0": {
    "precision": 0.36363636363636365,
    "recall": 0.26666666666666666,
    "f1-score": 0.30769230769230765,
    "support": 15
  },
  "1": {
    "precision": 0.5,
    "recall": 0.23333333333333334,
    "f1-score": 0.3181818181818182,
    "support": 30
  },
  "2": {
    "precision": 0.35714285714285715,
    "recall": 0.6666666666666666,
    "f1-score": 0.46511627906976744,
    "support": 15
  },
  "3": {
    "precision": 0.2857142857142857,
    "recall": 0.42857142857142855,
    "f1-score": 0.34285714285714286,
    "support": 14
  },
  "accuracy": 0.36486486486486486,
  "macro avg": {
    "precision": 0.37662337662337664,
    "recall": 0.3988095238095238,
    "f1-score": 0.35846188695025905,
    "support": 74
  },
  "weighted avg": {
    "precision": 0.40286065286065287,
    "recall": 0.36486486486486486,
    "f1-score": 0.3505078830660226,
    "support": 74
  }
}