{
  "0": {
    "precision": 0.16666666666666666,
    "recall": 0.2,
    "f1-score": 0.1818181818181818,
    "support": 15
  },
  "1": {
    "precision": 0.4444444444444444,
    "recall": 0.13333333333333333,
    "f1-score": 0.20512820512820512,
    "support": 30
  },
  "2": {
    "precision": 0.22727272727272727,
    "recall": 0.3333333333333333,
    "f1-score": 0.27027027027027023,
    "support": 15
  },
  "3": {
    "precision": 0.2,
    "recall": 0.35714285714285715,
    "f1-score": 0.25641025641025644,
    "support": 14
  },
  "accuracy": 0.22972972972972974,
  "macro avg": {
    "precision": 0.2595959595959596,
    "recall": 0.255952380952381,
    "f1-score": 0.22840672840672838,
    "support": 74
  },
  "weighted avg": {
    "precision": 0.2978705978705979,
    "recall": 0.22972972972972974,
    "f1-score": 0.2233096827691422,
    "support": 74
  }
}