{
  "0": {
    "precision": 0.8300395256916996,
    "recall": 0.8187134502923976,
    "f1-score": 0.8243375858684986,
    "support": 513.0
  },
  "1": {
    "precision": 0.8221797323135756,
    "recall": 0.8333333333333334,
    "f1-score": 0.8277189605389799,
    "support": 516.0
  },
  "accuracy": 0.826044703595724,
  "macro avg": {
    "precision": 0.8261096290026375,
    "recall": 0.8260233918128654,
    "f1-score": 0.8260282732037392,
    "support": 1029.0
  },
  "weighted avg": {
    "precision": 0.8260981715778881,
    "recall": 0.826044703595724,
    "f1-score": 0.8260332023213346,
    "support": 1029.0
  }
}