{
  "0": {
    "precision": 0.6388888888888888,
    "recall": 0.6388888888888888,
    "f1-score": 0.6388888888888888,
    "support": 36
  },
  "1": {
    "precision": 0.796875,
    "recall": 0.796875,
    "f1-score": 0.796875,
    "support": 64
  },
  "accuracy": 0.74,
  "macro avg": {
    "precision": 0.7178819444444444,
    "recall": 0.7178819444444444,
    "f1-score": 0.7178819444444444,
    "support": 100
  },
  "weighted avg": {
    "precision": 0.74,
    "recall": 0.74,
    "f1-score": 0.74,
    "support": 100
  }
}