{
  "0": {
    "precision": 0.9496124031007752,
    "recall": 0.9551656920077972,
    "f1-score": 0.9523809523809523,
    "support": 513
  },
  "1": {
    "precision": 0.9551656920077972,
    "recall": 0.9496124031007752,
    "f1-score": 0.9523809523809523,
    "support": 516
  },
  "accuracy": 0.9523809523809523,
  "macro avg": {
    "precision": 0.9523890475542862,
    "recall": 0.9523890475542862,
    "f1-score": 0.9523809523809523,
    "support": 1029
  },
  "weighted avg": {
    "precision": 0.9523971427276201,
    "recall": 0.9523809523809523,
    "f1-score": 0.9523809523809523,
    "support": 1029
  }
}