{
  "0": {
    "precision": 0.1111111111111111,
    "recall": 0.06666666666666667,
    "f1-score": 0.08333333333333334,
    "support": 15
  },
  "1": {
    "precision": 0.6071428571428571,
    "recall": 0.5666666666666667,
    "f1-score": 0.5862068965517241,
    "support": 30
  },
  "2": {
    "precision": 0.4,
    "recall": 0.4,
    "f1-score": 0.4000000000000001,
    "support": 15
  },
  "3": {
    "precision": 0.2727272727272727,
    "recall": 0.42857142857142855,
    "f1-score": 0.33333333333333326,
    "support": 14
  },
  "accuracy": 0.40540540540540543,
  "macro avg": {
    "precision": 0.34774531024531025,
    "recall": 0.36547619047619045,
    "f1-score": 0.3507183908045977,
    "support": 74
  },
  "weighted avg": {
    "precision": 0.4013396513396513,
    "recall": 0.40540540540540543,
    "f1-score": 0.39868748058403225,
    "support": 74
  }
}