{
  "0": {
    "precision": 1.0,
    "recall": 0.003898635477582846,
    "f1-score": 0.007766990291262135,
    "support": 513.0
  },
  "1": {
    "precision": 0.5024342745861733,
    "recall": 1.0,
    "f1-score": 0.6688269604666234,
    "support": 516.0
  },
  "accuracy": 0.5034013605442177,
  "macro avg": {
    "precision": 0.7512171372930867,
    "recall": 0.5019493177387915,
    "f1-score": 0.33829697537894277,
    "support": 1029.0
  },
  "weighted avg": {
    "precision": 0.7504918228245534,
    "recall": 0.5034013605442177,
    "f1-score": 0.3392606196503354,
    "support": 1029.0
  }
}