{
  "0": {
    "precision": 0.16666666666666666,
    "recall": 0.06666666666666667,
    "f1-score": 0.09523809523809522,
    "support": 15
  },
  "1": {
    "precision": 0.5769230769230769,
    "recall": 0.5,
    "f1-score": 0.5357142857142857,
    "support": 30
  },
  "2": {
    "precision": 0.26666666666666666,
    "recall": 0.26666666666666666,
    "f1-score": 0.26666666666666666,
    "support": 15
  },
  "3": {
    "precision": 0.37037037037037035,
    "recall": 0.7142857142857143,
    "f1-score": 0.4878048780487805,
    "support": 14
  },
  "accuracy": 0.40540540540540543,
  "macro avg": {
    "precision": 0.3451566951566951,
    "recall": 0.38690476190476186,
    "f1-score": 0.346355981416957,
    "support": 74
  },
  "weighted avg": {
    "precision": 0.39179564179564175,
    "recall": 0.40540540540540543,
    "f1-score": 0.38282794990112057,
    "support": 74
  }
}