{
  "0": {
    "precision": 0.2222222222222222,
    "recall": 0.13333333333333333,
    "f1-score": 0.16666666666666669,
    "support": 15
  },
  "1": {
    "precision": 0.5909090909090909,
    "recall": 0.43333333333333335,
    "f1-score": 0.5,
    "support": 30
  },
  "2": {
    "precision": 0.3,
    "recall": 0.4,
    "f1-score": 0.34285714285714286,
    "support": 15
  },
  "3": {
    "precision": 0.30434782608695654,
    "recall": 0.5,
    "f1-score": 0.3783783783783784,
    "support": 14
  },
  "accuracy": 0.3783783783783784,
  "macro avg": {
    "precision": 0.35436978480456743,
    "recall": 0.3666666666666667,
    "f1-score": 0.346975546975547,
    "support": 74
  },
  "weighted avg": {
    "precision": 0.40299291386247904,
    "recall": 0.3783783783783784,
    "f1-score": 0.3775696545966816,
    "support": 74
  }
}