{
  "0": {
    "precision": 0.7555555555555555,
    "recall": 0.9444444444444444,
    "f1-score": 0.8395061728395062,
    "support": 36
  },
  "1": {
    "precision": 0.9636363636363636,
    "recall": 0.828125,
    "f1-score": 0.8907563025210083,
    "support": 64
  },
  "accuracy": 0.87,
  "macro avg": {
    "precision": 0.8595959595959596,
    "recall": 0.8862847222222222,
    "f1-score": 0.8651312376802573,
    "support": 100
  },
  "weighted avg": {
    "precision": 0.8887272727272727,
    "recall": 0.87,
    "f1-score": 0.8723062558356677,
    "support": 100
  }
}