{
  "0": {
    "precision": 0.5,
    "recall": 0.06666666666666667,
    "f1-score": 0.11764705882352941,
    "support": 15
  },
  "1": {
    "precision": 0.55,
    "recall": 0.36666666666666664,
    "f1-score": 0.43999999999999995,
    "support": 30
  },
  "2": {
    "precision": 0.35714285714285715,
    "recall": 0.3333333333333333,
    "f1-score": 0.3448275862068965,
    "support": 15
  },
  "3": {
    "precision": 0.23684210526315788,
    "recall": 0.6428571428571429,
    "f1-score": 0.34615384615384615,
    "support": 14
  },
  "accuracy": 0.35135135135135137,
  "macro avg": {
    "precision": 0.4109962406015038,
    "recall": 0.35238095238095235,
    "f1-score": 0.312157122796068,
    "support": 74
  },
  "weighted avg": {
    "precision": 0.44152611257874413,
    "recall": 0.35135135135135137,
    "f1-score": 0.3376118043460843,
    "support": 74
  }
}