{
  "0": {
    "precision": 0.5151515151515151,
    "recall": 0.9444444444444444,
    "f1-score": 0.6666666666666666,
    "support": 36
  },
  "1": {
    "precision": 0.9411764705882353,
    "recall": 0.5,
    "f1-score": 0.6530612244897959,
    "support": 64
  },
  "accuracy": 0.66,
  "macro avg": {
    "precision": 0.7281639928698752,
    "recall": 0.7222222222222222,
    "f1-score": 0.6598639455782312,
    "support": 100
  },
  "weighted avg": {
    "precision": 0.7878074866310161,
    "recall": 0.66,
    "f1-score": 0.6579591836734693,
    "support": 100
  }
}