{
  "0": {
    "precision": 0.0,
    "recall": 0.0,
    "f1-score": 0.0,
    "support": 15
  },
  "1": {
    "precision": 0.26666666666666666,
    "recall": 0.13333333333333333,
    "f1-score": 0.17777777777777776,
    "support": 30
  },
  "2": {
    "precision": 0.30434782608695654,
    "recall": 0.4666666666666667,
    "f1-score": 0.3684210526315789,
    "support": 15
  },
  "3": {
    "precision": 0.22580645161290322,
    "recall": 0.5,
    "f1-score": 0.3111111111111111,
    "support": 14
  },
  "accuracy": 0.24324324324324326,
  "macro avg": {
    "precision": 0.1992052360916316,
    "recall": 0.275,
    "f1-score": 0.21432748538011695,
    "support": 74
  },
  "weighted avg": {
    "precision": 0.21252037451195935,
    "recall": 0.24324324324324326,
    "f1-score": 0.20561087403192665,
    "support": 74
  }
}