{
  "0": {
    "precision": 0.0,
    "recall": 0.0,
    "f1-score": 0.0,
    "support": 15
  },
  "1": {
    "precision": 0.5454545454545454,
    "recall": 0.4,
    "f1-score": 0.4615384615384615,
    "support": 30
  },
  "2": {
    "precision": 0.2631578947368421,
    "recall": 0.3333333333333333,
    "f1-score": 0.29411764705882354,
    "support": 15
  },
  "3": {
    "precision": 0.3,
    "recall": 0.6428571428571429,
    "f1-score": 0.4090909090909091,
    "support": 14
  },
  "accuracy": 0.35135135135135137,
  "macro avg": {
    "precision": 0.2771531100478469,
    "recall": 0.34404761904761905,
    "f1-score": 0.29118675442204855,
    "support": 74
  },
  "weighted avg": {
    "precision": 0.33122979438768907,
    "recall": 0.35135135135135137,
    "f1-score": 0.3241242064771476,
    "support": 74
  }
}