{
  "0": {
    "precision": 0.9820359281437125,
    "recall": 0.9590643274853801,
    "f1-score": 0.9704142011834319,
    "support": 513
  },
  "1": {
    "precision": 0.9602272727272727,
    "recall": 0.9825581395348837,
    "f1-score": 0.9712643678160919,
    "support": 516
  },
  "accuracy": 0.9708454810495627,
  "macro avg": {
    "precision": 0.9711316004354926,
    "recall": 0.9708112335101319,
    "f1-score": 0.970839284499762,
    "support": 1029
  },
  "weighted avg": {
    "precision": 0.9710998093926115,
    "recall": 0.9708454810495627,
    "f1-score": 0.9708405238097221,
    "support": 1029
  }
}