{
  "0": {
    "precision": 0.7142857142857143,
    "recall": 0.4166666666666667,
    "f1-score": 0.5263157894736842,
    "support": 36
  },
  "1": {
    "precision": 0.7341772151898734,
    "recall": 0.90625,
    "f1-score": 0.8111888111888113,
    "support": 64
  },
  "accuracy": 0.73,
  "macro avg": {
    "precision": 0.7242314647377939,
    "recall": 0.6614583333333334,
    "f1-score": 0.6687523003312477,
    "support": 100
  },
  "weighted avg": {
    "precision": 0.7270162748643761,
    "recall": 0.73,
    "f1-score": 0.7086345233713655,
    "support": 100
  }
}