{
  "0": {
    "precision": 0.7083333333333334,
    "recall": 0.9444444444444444,
    "f1-score": 0.8095238095238096,
    "support": 36
  },
  "1": {
    "precision": 0.9615384615384616,
    "recall": 0.78125,
    "f1-score": 0.8620689655172413,
    "support": 64
  },
  "accuracy": 0.84,
  "macro avg": {
    "precision": 0.8349358974358975,
    "recall": 0.8628472222222222,
    "f1-score": 0.8357963875205254,
    "support": 100
  },
  "weighted avg": {
    "precision": 0.8703846153846154,
    "recall": 0.84,
    "f1-score": 0.843152709359606,
    "support": 100
  }
}