{
  "0": {
    "precision": 0.6216216216216216,
    "recall": 0.6388888888888888,
    "f1-score": 0.6301369863013699,
    "support": 36
  },
  "1": {
    "precision": 0.7936507936507936,
    "recall": 0.78125,
    "f1-score": 0.7874015748031497,
    "support": 64
  },
  "accuracy": 0.73,
  "macro avg": {
    "precision": 0.7076362076362076,
    "recall": 0.7100694444444444,
    "f1-score": 0.7087692805522599,
    "support": 100
  },
  "weighted avg": {
    "precision": 0.7317202917202917,
    "recall": 0.73,
    "f1-score": 0.7307863229425089,
    "support": 100
  }
}