{
  "0": {
    "precision": 0.2727272727272727,
    "recall": 0.2,
    "f1-score": 0.23076923076923075,
    "support": 15
  },
  "1": {
    "precision": 0.5789473684210527,
    "recall": 0.36666666666666664,
    "f1-score": 0.44897959183673464,
    "support": 30
  },
  "2": {
    "precision": 0.35294117647058826,
    "recall": 0.4,
    "f1-score": 0.37500000000000006,
    "support": 15
  },
  "3": {
    "precision": 0.1111111111111111,
    "recall": 0.21428571428571427,
    "f1-score": 0.14634146341463417,
    "support": 14
  },
  "accuracy": 0.3108108108108108,
  "macro avg": {
    "precision": 0.3289317321825062,
    "recall": 0.29523809523809524,
    "f1-score": 0.30027257150514985,
    "support": 74
  },
  "weighted avg": {
    "precision": 0.38255409927236556,
    "recall": 0.3108108108108108,
    "f1-score": 0.3324960365465591,
    "support": 74
  }
}