{
  "0": {
    "precision": 0.8,
    "recall": 0.6666666666666666,
    "f1-score": 0.7272727272727272,
    "support": 36
  },
  "1": {
    "precision": 0.8285714285714286,
    "recall": 0.90625,
    "f1-score": 0.8656716417910447,
    "support": 64
  },
  "accuracy": 0.82,
  "macro avg": {
    "precision": 0.8142857142857143,
    "recall": 0.7864583333333333,
    "f1-score": 0.796472184531886,
    "support": 100
  },
  "weighted avg": {
    "precision": 0.8182857142857144,
    "recall": 0.82,
    "f1-score": 0.8158480325644504,
    "support": 100
  }
}