{
  "0": {
    "precision": 0.1,
    "recall": 0.06666666666666667,
    "f1-score": 0.08,
    "support": 15
  },
  "1": {
    "precision": 0.47619047619047616,
    "recall": 0.3333333333333333,
    "f1-score": 0.39215686274509803,
    "support": 30
  },
  "2": {
    "precision": 0.38461538461538464,
    "recall": 0.3333333333333333,
    "f1-score": 0.3571428571428571,
    "support": 15
  },
  "3": {
    "precision": 0.2,
    "recall": 0.42857142857142855,
    "f1-score": 0.27272727272727276,
    "support": 14
  },
  "accuracy": 0.2972972972972973,
  "macro avg": {
    "precision": 0.29020146520146517,
    "recall": 0.29047619047619044,
    "f1-score": 0.275506748153807,
    "support": 74
  },
  "weighted avg": {
    "precision": 0.3291208791208791,
    "recall": 0.2972972972972973,
    "f1-score": 0.2991896021307786,
    "support": 74
  }
}