{
  "0": {
    "precision": 0.5555555555555556,
    "recall": 0.3333333333333333,
    "f1-score": 0.4166666666666667,
    "support": 15
  },
  "1": {
    "precision": 0.55,
    "recall": 0.36666666666666664,
    "f1-score": 0.43999999999999995,
    "support": 30
  },
  "2": {
    "precision": 0.35,
    "recall": 0.4666666666666667,
    "f1-score": 0.4,
    "support": 15
  },
  "3": {
    "precision": 0.2,
    "recall": 0.35714285714285715,
    "f1-score": 0.25641025641025644,
    "support": 14
  },
  "accuracy": 0.3783783783783784,
  "macro avg": {
    "precision": 0.4138888888888889,
    "recall": 0.38095238095238093,
    "f1-score": 0.3782692307692308,
    "support": 74
  },
  "weighted avg": {
    "precision": 0.4443693693693694,
    "recall": 0.3783783783783784,
    "f1-score": 0.39242896742896743,
    "support": 74
  }
}