{
  "0": {
    "precision": 0.981404958677686,
    "recall": 0.9259259259259259,
    "f1-score": 0.9528585757271815,
    "support": 513
  },
  "1": {
    "precision": 0.9302752293577982,
    "recall": 0.9825581395348837,
    "f1-score": 0.9557021677662583,
    "support": 516
  },
  "accuracy": 0.9543245869776482,
  "macro avg": {
    "precision": 0.9558400940177421,
    "recall": 0.9542420327304049,
    "f1-score": 0.9542803717467199,
    "support": 1029
  },
  "weighted avg": {
    "precision": 0.9557655608846227,
    "recall": 0.9543245869776482,
    "f1-score": 0.9542845169246194,
    "support": 1029
  }
}