{
  "0": {
    "precision": 0.9724950884086444,
    "recall": 0.9649122807017544,
    "f1-score": 0.9686888454011742,
    "support": 513
  },
  "1": {
    "precision": 0.9653846153846154,
    "recall": 0.9728682170542635,
    "f1-score": 0.9691119691119691,
    "support": 516
  },
  "accuracy": 0.9689018464528668,
  "macro avg": {
    "precision": 0.9689398518966299,
    "recall": 0.9688902488780089,
    "f1-score": 0.9689004072565717,
    "support": 1029
  },
  "weighted avg": {
    "precision": 0.9689294867756038,
    "recall": 0.9689018464528668,
    "f1-score": 0.9689010240549839,
    "support": 1029
  }
}