{
  "0": {
    "precision": 0.8,
    "recall": 0.8888888888888888,
    "f1-score": 0.8421052631578948,
    "support": 36
  },
  "1": {
    "precision": 0.9333333333333333,
    "recall": 0.875,
    "f1-score": 0.9032258064516129,
    "support": 64
  },
  "accuracy": 0.88,
  "macro avg": {
    "precision": 0.8666666666666667,
    "recall": 0.8819444444444444,
    "f1-score": 0.8726655348047538,
    "support": 100
  },
  "weighted avg": {
    "precision": 0.8853333333333333,
    "recall": 0.88,
    "f1-score": 0.8812224108658744,
    "support": 100
  }
}