{
  "0": {
    "precision": 0.6923076923076923,
    "recall": 0.75,
    "f1-score": 0.7199999999999999,
    "support": 36
  },
  "1": {
    "precision": 0.8524590163934426,
    "recall": 0.8125,
    "f1-score": 0.8319999999999999,
    "support": 64
  },
  "accuracy": 0.79,
  "macro avg": {
    "precision": 0.7723833543505674,
    "recall": 0.78125,
    "f1-score": 0.7759999999999998,
    "support": 100
  },
  "weighted avg": {
    "precision": 0.7948045397225725,
    "recall": 0.79,
    "f1-score": 0.7916799999999998,
    "support": 100
  }
}