{
  "0": {
    "precision": 0.7391304347826086,
    "recall": 0.9444444444444444,
    "f1-score": 0.8292682926829269,
    "support": 36
  },
  "1": {
    "precision": 0.9629629629629629,
    "recall": 0.8125,
    "f1-score": 0.8813559322033898,
    "support": 64
  },
  "accuracy": 0.86,
  "macro avg": {
    "precision": 0.8510466988727858,
    "recall": 0.8784722222222222,
    "f1-score": 0.8553121124431584,
    "support": 100
  },
  "weighted avg": {
    "precision": 0.8823832528180354,
    "recall": 0.86,
    "f1-score": 0.8626043819760231,
    "support": 100
  }
}