{
  "0": {
    "precision": 0.7368421052631579,
    "recall": 0.3888888888888889,
    "f1-score": 0.509090909090909,
    "support": 36
  },
  "1": {
    "precision": 0.7283950617283951,
    "recall": 0.921875,
    "f1-score": 0.8137931034482758,
    "support": 64
  },
  "accuracy": 0.73,
  "macro avg": {
    "precision": 0.7326185834957765,
    "recall": 0.6553819444444444,
    "f1-score": 0.6614420062695925,
    "support": 100
  },
  "weighted avg": {
    "precision": 0.7314359974009096,
    "recall": 0.73,
    "f1-score": 0.7041003134796238,
    "support": 100
  }
}