{
  "0": {
    "precision": 0.9721669980119284,
    "recall": 0.9532163742690059,
    "f1-score": 0.9625984251968505,
    "support": 513
  },
  "1": {
    "precision": 0.9543726235741445,
    "recall": 0.9728682170542635,
    "f1-score": 0.963531669865643,
    "support": 516
  },
  "accuracy": 0.9630709426627794,
  "macro avg": {
    "precision": 0.9632698107930364,
    "recall": 0.9630422956616347,
    "f1-score": 0.9630650475312468,
    "support": 1029
  },
  "weighted avg": {
    "precision": 0.9632438714716987,
    "recall": 0.9630709426627794,
    "f1-score": 0.9630664079462158,
    "support": 1029
  }
}