{
  "0": {
    "precision": 0.9744094488188977,
    "recall": 0.9649122807017544,
    "f1-score": 0.9696376101860922,
    "support": 513
  },
  "1": {
    "precision": 0.9654510556621881,
    "recall": 0.9748062015503876,
    "f1-score": 0.9701060752169721,
    "support": 516
  },
  "accuracy": 0.9698736637512148,
  "macro avg": {
    "precision": 0.9699302522405429,
    "recall": 0.9698592411260709,
    "f1-score": 0.9698718427015321,
    "support": 1029
  },
  "weighted avg": {
    "precision": 0.9699171933583902,
    "recall": 0.9698736637512148,
    "f1-score": 0.9698725255951632,
    "support": 1029
  }
}