{
  "0": {
    "precision": 0.631578947368421,
    "recall": 0.6666666666666666,
    "f1-score": 0.6486486486486486,
    "support": 36
  },
  "1": {
    "precision": 0.8064516129032258,
    "recall": 0.78125,
    "f1-score": 0.7936507936507936,
    "support": 64
  },
  "accuracy": 0.74,
  "macro avg": {
    "precision": 0.7190152801358234,
    "recall": 0.7239583333333333,
    "f1-score": 0.7211497211497211,
    "support": 100
  },
  "weighted avg": {
    "precision": 0.7434974533106962,
    "recall": 0.74,
    "f1-score": 0.7414500214500214,
    "support": 100
  }
}