{
  "0": {
    "precision": 0.3333333333333333,
    "recall": 0.06666666666666667,
    "f1-score": 0.1111111111111111,
    "support": 15
  },
  "1": {
    "precision": 0.5882352941176471,
    "recall": 0.3333333333333333,
    "f1-score": 0.42553191489361697,
    "support": 30
  },
  "2": {
    "precision": 0.2857142857142857,
    "recall": 0.4,
    "f1-score": 0.3333333333333333,
    "support": 15
  },
  "3": {
    "precision": 0.2727272727272727,
    "recall": 0.6428571428571429,
    "f1-score": 0.3829787234042553,
    "support": 14
  },
  "accuracy": 0.35135135135135137,
  "macro avg": {
    "precision": 0.37000254647313474,
    "recall": 0.36071428571428577,
    "f1-score": 0.31323877068557915,
    "support": 74
  },
  "weighted avg": {
    "precision": 0.41555344496520963,
    "recall": 0.35135135135135137,
    "f1-score": 0.33505846271803713,
    "support": 74
  }
}