{
  "0": {
    "precision": 0.7272727272727273,
    "recall": 0.6666666666666666,
    "f1-score": 0.6956521739130435,
    "support": 36
  },
  "1": {
    "precision": 0.8208955223880597,
    "recall": 0.859375,
    "f1-score": 0.8396946564885497,
    "support": 64
  },
  "accuracy": 0.79,
  "macro avg": {
    "precision": 0.7740841248303936,
    "recall": 0.7630208333333333,
    "f1-score": 0.7676734152007966,
    "support": 100
  },
  "weighted avg": {
    "precision": 0.78719131614654,
    "recall": 0.79,
    "f1-score": 0.7878393627613675,
    "support": 100
  }
}