{
  "0": {
    "precision": 0.2,
    "recall": 0.06666666666666667,
    "f1-score": 0.1,
    "support": 15
  },
  "1": {
    "precision": 0.5925925925925926,
    "recall": 0.5333333333333333,
    "f1-score": 0.5614035087719299,
    "support": 30
  },
  "2": {
    "precision": 0.2777777777777778,
    "recall": 0.3333333333333333,
    "f1-score": 0.303030303030303,
    "support": 15
  },
  "3": {
    "precision": 0.25,
    "recall": 0.42857142857142855,
    "f1-score": 0.3157894736842105,
    "support": 14
  },
  "accuracy": 0.3783783783783784,
  "macro avg": {
    "precision": 0.3300925925925926,
    "recall": 0.3404761904761905,
    "f1-score": 0.3200558213716108,
    "support": 74
  },
  "weighted avg": {
    "precision": 0.38438438438438444,
    "recall": 0.3783783783783784,
    "f1-score": 0.36903530324582956,
    "support": 74
  }
}