{
  "0": {
    "precision": 0.0,
    "recall": 0.0,
    "f1-score": 0.0,
    "support": 36
  },
  "1": {
    "precision": 1.0,
    "recall": 0.11538461538461539,
    "f1-score": 0.20689655172413793,
    "support": 26
  },
  "2": {
    "precision": 0.0,
    "recall": 0.0,
    "f1-score": 0.0,
    "support": 25
  },
  "3": {
    "precision": 0.0461133069828722,
    "recall": 0.9459459459459459,
    "f1-score": 0.08793969849246232,
    "support": 37
  },
  "4": {
    "precision": 0.0,
    "recall": 0.0,
    "f1-score": 0.0,
    "support": 40
  },
  "5": {
    "precision": 0.0,
    "recall": 0.0,
    "f1-score": 0.0,
    "support": 35
  },
  "6": {
    "precision": 0.0,
    "recall": 0.0,
    "f1-score": 0.0,
    "support": 29
  },
  "7": {
    "precision": 0.0,
    "recall": 0.0,
    "f1-score": 0.0,
    "support": 33
  },
  "8": {
    "precision": 0.0,
    "recall": 0.0,
    "f1-score": 0.0,
    "support": 32
  },
  "9": {
    "precision": 0.0,
    "recall": 0.0,
    "f1-score": 0.0,
    "support": 31
  },
  "10": {
    "precision": 0.0,
    "recall": 0.0,
    "f1-score": 0.0,
    "support": 33
  },
  "11": {
    "precision": 0.25,
    "recall": 0.029411764705882353,
    "f1-score": 0.05263157894736842,
    "support": 34
  },
  "12": {
    "precision": 0.0,
    "recall": 0.0,
    "f1-score": 0.0,
    "support": 31
  },
  "13": {
    "precision": 0.0,
    "recall": 0.0,
    "f1-score": 0.0,
    "support": 34
  },
  "14": {
    "precision": 1.0,
    "recall": 0.023255813953488372,
    "f1-score": 0.04545454545454545,
    "support": 43
  },
  "15": {
    "precision": 0.0,
    "recall": 0.0,
    "f1-score": 0.0,
    "support": 32
  },
  "16": {
    "precision": 0.0,
    "recall": 0.0,
    "f1-score": 0.0,
    "support": 37
  },
  "17": {
    "precision": 0.0,
    "recall": 0.0,
    "f1-score": 0.0,
    "support": 26
  },
  "18": {
    "precision": 0.0,
    "recall": 0.0,
    "f1-score": 0.0,
    "support": 32
  },
  "19": {
    "precision": 0.13253012048192772,
    "recall": 0.3793103448275862,
    "f1-score": 0.19642857142857145,
    "support": 29
  },
  "20": {
    "precision": 0.0,
    "recall": 0.0,
    "f1-score": 0.0,
    "support": 43
  },
  "21": {
    "precision": 0.0,
    "recall": 0.0,
    "f1-score": 0.0,
    "support": 34
  },
  "22": {
    "precision": 0.0,
    "recall": 0.0,
    "f1-score": 0.0,
    "support": 30
  },
  "23": {
    "precision": 0.0,
    "recall": 0.0,
    "f1-score": 0.0,
    "support": 29
  },
  "24": {
    "precision": 0.0,
    "recall": 0.0,
    "f1-score": 0.0,
    "support": 32
  },
  "25": {
    "precision": 0.0,
    "recall": 0.0,
    "f1-score": 0.0,
    "support": 27
  },
  "accuracy": 0.06,
  "macro avg": {
    "precision": 0.09340936259479998,
    "recall": 0.05743494172375071,
    "f1-score": 0.022667344078734056,
    "support": 850
  },
  "weighted avg": {
    "precision": 0.09770537159099078,
    "recall": 0.06,
    "f1-score": 0.021262972822627346,
    "support": 850
  }
}