{
  "0": {
    "precision": 0.5581395348837209,
    "recall": 0.6666666666666666,
    "f1-score": 0.6075949367088608,
    "support": 36
  },
  "1": {
    "precision": 0.7894736842105263,
    "recall": 0.703125,
    "f1-score": 0.743801652892562,
    "support": 64
  },
  "accuracy": 0.69,
  "macro avg": {
    "precision": 0.6738066095471236,
    "recall": 0.6848958333333333,
    "f1-score": 0.6756982948007113,
    "support": 100
  },
  "weighted avg": {
    "precision": 0.7061933904528763,
    "recall": 0.69,
    "f1-score": 0.6947672350664296,
    "support": 100
  }
}