{
  "0": {
    "precision": 0.4,
    "recall": 0.13333333333333333,
    "f1-score": 0.2,
    "support": 15
  },
  "1": {
    "precision": 0.6785714285714286,
    "recall": 0.6333333333333333,
    "f1-score": 0.6551724137931035,
    "support": 30
  },
  "2": {
    "precision": 0.29411764705882354,
    "recall": 0.3333333333333333,
    "f1-score": 0.3125,
    "support": 15
  },
  "3": {
    "precision": 0.3333333333333333,
    "recall": 0.5714285714285714,
    "f1-score": 0.4210526315789474,
    "support": 14
  },
  "accuracy": 0.4594594594594595,
  "macro avg": {
    "precision": 0.4265056022408964,
    "recall": 0.4178571428571428,
    "f1-score": 0.39718126134301274,
    "support": 74
  },
  "weighted avg": {
    "precision": 0.4788591112120523,
    "recall": 0.4594594594594595,
    "f1-score": 0.44915417913376177,
    "support": 74
  }
}