{
  "0": {
    "precision": 0.9762376237623762,
    "recall": 0.9610136452241715,
    "f1-score": 0.9685658153241651,
    "support": 513
  },
  "1": {
    "precision": 0.9618320610687023,
    "recall": 0.9767441860465116,
    "f1-score": 0.9692307692307692,
    "support": 516
  },
  "accuracy": 0.9689018464528668,
  "macro avg": {
    "precision": 0.9690348424155393,
    "recall": 0.9688789156353416,
    "f1-score": 0.9688982922774672,
    "support": 1029
  },
  "weighted avg": {
    "precision": 0.969013843053012,
    "recall": 0.9689018464528668,
    "f1-score": 0.9688992615980306,
    "support": 1029
  }
}