{
  "0": {
    "precision": 0.3333333333333333,
    "recall": 0.26666666666666666,
    "f1-score": 0.2962962962962963,
    "support": 15
  },
  "1": {
    "precision": 0.6875,
    "recall": 0.36666666666666664,
    "f1-score": 0.47826086956521735,
    "support": 30
  },
  "2": {
    "precision": 0.3,
    "recall": 0.4,
    "f1-score": 0.34285714285714286,
    "support": 15
  },
  "3": {
    "precision": 0.3076923076923077,
    "recall": 0.5714285714285714,
    "f1-score": 0.4,
    "support": 14
  },
  "accuracy": 0.3918918918918919,
  "macro avg": {
    "precision": 0.40713141025641025,
    "recall": 0.40119047619047615,
    "f1-score": 0.3793535771796641,
    "support": 74
  },
  "weighted avg": {
    "precision": 0.4653066528066528,
    "recall": 0.3918918918918919,
    "f1-score": 0.3991233469494339,
    "support": 74
  }
}