{
  "0": {
    "precision": 0.2727272727272727,
    "recall": 0.2,
    "f1-score": 0.23076923076923075,
    "support": 15
  },
  "1": {
    "precision": 0.5789473684210527,
    "recall": 0.36666666666666664,
    "f1-score": 0.44897959183673464,
    "support": 30
  },
  "2": {
    "precision": 0.2727272727272727,
    "recall": 0.4,
    "f1-score": 0.3243243243243243,
    "support": 15
  },
  "3": {
    "precision": 0.22727272727272727,
    "recall": 0.35714285714285715,
    "f1-score": 0.2777777777777778,
    "support": 14
  },
  "accuracy": 0.33783783783783783,
  "macro avg": {
    "precision": 0.33791866028708134,
    "recall": 0.33095238095238094,
    "f1-score": 0.32046273117701685,
    "support": 74
  },
  "weighted avg": {
    "precision": 0.388271046165783,
    "recall": 0.33783783783783783,
    "f1-score": 0.3470902698701926,
    "support": 74
  }
}