{
  "0": {
    "precision": 0.25,
    "recall": 0.13333333333333333,
    "f1-score": 0.1739130434782609,
    "support": 15
  },
  "1": {
    "precision": 0.5517241379310345,
    "recall": 0.5333333333333333,
    "f1-score": 0.5423728813559322,
    "support": 30
  },
  "2": {
    "precision": 0.3333333333333333,
    "recall": 0.3333333333333333,
    "f1-score": 0.3333333333333333,
    "support": 15
  },
  "3": {
    "precision": 0.3181818181818182,
    "recall": 0.5,
    "f1-score": 0.3888888888888889,
    "support": 14
  },
  "accuracy": 0.40540540540540543,
  "macro avg": {
    "precision": 0.36330982236154646,
    "recall": 0.375,
    "f1-score": 0.3596270367641038,
    "support": 74
  },
  "weighted avg": {
    "precision": 0.4021117512496823,
    "recall": 0.40540540540540543,
    "f1-score": 0.3962746829364368,
    "support": 74
  }
}