{
  "0": {
    "precision": 0.2,
    "recall": 0.13333333333333333,
    "f1-score": 0.16,
    "support": 15
  },
  "1": {
    "precision": 0.5294117647058824,
    "recall": 0.3,
    "f1-score": 0.3829787234042553,
    "support": 30
  },
  "2": {
    "precision": 0.3333333333333333,
    "recall": 0.4,
    "f1-score": 0.3636363636363636,
    "support": 15
  },
  "3": {
    "precision": 0.20689655172413793,
    "recall": 0.42857142857142855,
    "f1-score": 0.2790697674418604,
    "support": 14
  },
  "accuracy": 0.3108108108108108,
  "macro avg": {
    "precision": 0.3174104124408384,
    "recall": 0.31547619047619047,
    "f1-score": 0.2964212136206198,
    "support": 74
  },
  "weighted avg": {
    "precision": 0.3618770900718163,
    "recall": 0.3108108108108108,
    "f1-score": 0.31420113379539405,
    "support": 74
  }
}