{
  "0": {
    "precision": 0.3076923076923077,
    "recall": 0.1111111111111111,
    "f1-score": 0.163265306122449,
    "support": 36
  },
  "1": {
    "precision": 0.632183908045977,
    "recall": 0.859375,
    "f1-score": 0.7284768211920529,
    "support": 64
  },
  "accuracy": 0.59,
  "macro avg": {
    "precision": 0.46993810786914236,
    "recall": 0.4852430555555556,
    "f1-score": 0.44587106365725093,
    "support": 100
  },
  "weighted avg": {
    "precision": 0.5153669319186561,
    "recall": 0.59,
    "f1-score": 0.5250006757669955,
    "support": 100
  }
}