{
  "0": {
    "precision": 0.15789473684210525,
    "recall": 0.2,
    "f1-score": 0.17647058823529413,
    "support": 15
  },
  "1": {
    "precision": 0.631578947368421,
    "recall": 0.4,
    "f1-score": 0.4897959183673469,
    "support": 30
  },
  "2": {
    "precision": 0.3333333333333333,
    "recall": 0.26666666666666666,
    "f1-score": 0.2962962962962963,
    "support": 15
  },
  "3": {
    "precision": 0.25,
    "recall": 0.42857142857142855,
    "f1-score": 0.3157894736842105,
    "support": 14
  },
  "accuracy": 0.33783783783783783,
  "macro avg": {
    "precision": 0.3432017543859649,
    "recall": 0.3238095238095238,
    "f1-score": 0.31958806914578697,
    "support": 74
  },
  "weighted avg": {
    "precision": 0.40291607396870555,
    "recall": 0.33783783783783783,
    "f1-score": 0.3541409925753136,
    "support": 74
  }
}