{
  "0": {
    "precision": 0.0,
    "recall": 0.0,
    "f1-score": 0.0,
    "support": 15
  },
  "1": {
    "precision": 0.631578947368421,
    "recall": 0.4,
    "f1-score": 0.4897959183673469,
    "support": 30
  },
  "2": {
    "precision": 0.21818181818181817,
    "recall": 0.8,
    "f1-score": 0.34285714285714286,
    "support": 15
  },
  "3": {
    "precision": 0.0,
    "recall": 0.0,
    "f1-score": 0.0,
    "support": 14
  },
  "accuracy": 0.32432432432432434,
  "macro avg": {
    "precision": 0.2124401913875598,
    "recall": 0.30000000000000004,
    "f1-score": 0.20816326530612245,
    "support": 74
  },
  "weighted avg": {
    "precision": 0.30027156342945815,
    "recall": 0.32432432432432434,
    "f1-score": 0.26806398234969664,
    "support": 74
  }
}