{
  "0": {
    "precision": 0.3,
    "recall": 0.2,
    "f1-score": 0.24,
    "support": 15
  },
  "1": {
    "precision": 0.4827586206896552,
    "recall": 0.4666666666666667,
    "f1-score": 0.47457627118644075,
    "support": 30
  },
  "2": {
    "precision": 0.38461538461538464,
    "recall": 0.3333333333333333,
    "f1-score": 0.3571428571428571,
    "support": 15
  },
  "3": {
    "precision": 0.2727272727272727,
    "recall": 0.42857142857142855,
    "f1-score": 0.33333333333333326,
    "support": 14
  },
  "accuracy": 0.3783783783783784,
  "macro avg": {
    "precision": 0.36002531950807815,
    "recall": 0.35714285714285715,
    "f1-score": 0.35126311541565775,
    "support": 74
  },
  "weighted avg": {
    "precision": 0.38608339470408437,
    "recall": 0.3783783783783784,
    "f1-score": 0.37650131972165873,
    "support": 74
  }
}