{
  "0": {
    "precision": 0.25,
    "recall": 0.13333333333333333,
    "f1-score": 0.1739130434782609,
    "support": 15
  },
  "1": {
    "precision": 0.7894736842105263,
    "recall": 0.5,
    "f1-score": 0.6122448979591837,
    "support": 30
  },
  "2": {
    "precision": 0.3,
    "recall": 0.2,
    "f1-score": 0.24,
    "support": 15
  },
  "3": {
    "precision": 0.24324324324324326,
    "recall": 0.6428571428571429,
    "f1-score": 0.35294117647058826,
    "support": 14
  },
  "accuracy": 0.3918918918918919,
  "macro avg": {
    "precision": 0.3956792318634424,
    "recall": 0.36904761904761907,
    "f1-score": 0.3447747794770082,
    "support": 74
  },
  "weighted avg": {
    "precision": 0.47756237745569186,
    "recall": 0.3918918918918919,
    "f1-score": 0.3988813386694279,
    "support": 74
  }
}