{
  "0": {
    "precision": 0.9780439121756487,
    "recall": 0.9551656920077972,
    "f1-score": 0.9664694280078895,
    "support": 513
  },
  "1": {
    "precision": 0.9564393939393939,
    "recall": 0.9786821705426356,
    "f1-score": 0.9674329501915708,
    "support": 516
  },
  "accuracy": 0.966958211856171,
  "macro avg": {
    "precision": 0.9672416530575213,
    "recall": 0.9669239312752165,
    "f1-score": 0.9669511890997302,
    "support": 1029
  },
  "weighted avg": {
    "precision": 0.9672101595907046,
    "recall": 0.966958211856171,
    "f1-score": 0.9669525936510184,
    "support": 1029
  }
}