{
  "0": {
    "precision": 0.2,
    "recall": 0.06666666666666667,
    "f1-score": 0.1,
    "support": 15
  },
  "1": {
    "precision": 0.52,
    "recall": 0.43333333333333335,
    "f1-score": 0.4727272727272728,
    "support": 30
  },
  "2": {
    "precision": 0.35714285714285715,
    "recall": 0.3333333333333333,
    "f1-score": 0.3448275862068965,
    "support": 15
  },
  "3": {
    "precision": 0.26666666666666666,
    "recall": 0.5714285714285714,
    "f1-score": 0.36363636363636365,
    "support": 14
  },
  "accuracy": 0.36486486486486486,
  "macro avg": {
    "precision": 0.33595238095238095,
    "recall": 0.35119047619047616,
    "f1-score": 0.3202978056426332,
    "support": 74
  },
  "weighted avg": {
    "precision": 0.37419562419562424,
    "recall": 0.36486486486486486,
    "f1-score": 0.35061001440311784,
    "support": 74
  }
}