{
  "0": {
    "precision": 0.9705304518664047,
    "recall": 0.9629629629629629,
    "f1-score": 0.9667318982387475,
    "support": 513
  },
  "1": {
    "precision": 0.9634615384615385,
    "recall": 0.9709302325581395,
    "f1-score": 0.967181467181467,
    "support": 516
  },
  "accuracy": 0.966958211856171,
  "macro avg": {
    "precision": 0.9669959951639716,
    "recall": 0.9669465977605511,
    "f1-score": 0.9669566827101073,
    "support": 1029
  },
  "weighted avg": {
    "precision": 0.9669856906254806,
    "recall": 0.966958211856171,
    "f1-score": 0.9669573380584202,
    "support": 1029
  }
}