{
  "0": {
    "precision": 0.14285714285714285,
    "recall": 0.06666666666666667,
    "f1-score": 0.09090909090909091,
    "support": 15
  },
  "1": {
    "precision": 0.5,
    "recall": 0.4666666666666667,
    "f1-score": 0.4827586206896552,
    "support": 30
  },
  "2": {
    "precision": 0.23529411764705882,
    "recall": 0.26666666666666666,
    "f1-score": 0.25,
    "support": 15
  },
  "3": {
    "precision": 0.36363636363636365,
    "recall": 0.5714285714285714,
    "f1-score": 0.4444444444444444,
    "support": 14
  },
  "accuracy": 0.36486486486486486,
  "macro avg": {
    "precision": 0.31044690603514136,
    "recall": 0.34285714285714286,
    "f1-score": 0.3170280390107976,
    "support": 74
  },
  "weighted avg": {
    "precision": 0.3481510540334069,
    "recall": 0.36486486486486486,
    "f1-score": 0.34890023252092217,
    "support": 74
  }
}