{
  "0": {
    "precision": 0.125,
    "recall": 0.06666666666666667,
    "f1-score": 0.08695652173913045,
    "support": 15
  },
  "1": {
    "precision": 0.64,
    "recall": 0.5333333333333333,
    "f1-score": 0.5818181818181818,
    "support": 30
  },
  "2": {
    "precision": 0.13333333333333333,
    "recall": 0.13333333333333333,
    "f1-score": 0.13333333333333333,
    "support": 15
  },
  "3": {
    "precision": 0.19230769230769232,
    "recall": 0.35714285714285715,
    "f1-score": 0.25,
    "support": 14
  },
  "accuracy": 0.32432432432432434,
  "macro avg": {
    "precision": 0.27266025641025643,
    "recall": 0.2726190476190476,
    "f1-score": 0.2630270092226614,
    "support": 74
  },
  "weighted avg": {
    "precision": 0.3482068607068607,
    "recall": 0.32432432432432434,
    "f1-score": 0.32782288217070826,
    "support": 74
  }
}