{
  "0": {
    "precision": 0.7272727272727273,
    "recall": 0.8888888888888888,
    "f1-score": 0.7999999999999999,
    "support": 36
  },
  "1": {
    "precision": 0.9285714285714286,
    "recall": 0.8125,
    "f1-score": 0.8666666666666666,
    "support": 64
  },
  "accuracy": 0.84,
  "macro avg": {
    "precision": 0.827922077922078,
    "recall": 0.8506944444444444,
    "f1-score": 0.8333333333333333,
    "support": 100
  },
  "weighted avg": {
    "precision": 0.8561038961038961,
    "recall": 0.84,
    "f1-score": 0.8426666666666666,
    "support": 100
  }
}