{
  "0": {
    "precision": 0.3333333333333333,
    "recall": 0.06666666666666667,
    "f1-score": 0.1111111111111111,
    "support": 15
  },
  "1": {
    "precision": 0.6451612903225806,
    "recall": 0.6666666666666666,
    "f1-score": 0.6557377049180327,
    "support": 30
  },
  "2": {
    "precision": 0.3333333333333333,
    "recall": 0.26666666666666666,
    "f1-score": 0.2962962962962963,
    "support": 15
  },
  "3": {
    "precision": 0.32142857142857145,
    "recall": 0.6428571428571429,
    "f1-score": 0.4285714285714286,
    "support": 14
  },
  "accuracy": 0.4594594594594595,
  "macro avg": {
    "precision": 0.40831413210445466,
    "recall": 0.4107142857142857,
    "f1-score": 0.37292913522421717,
    "support": 74
  },
  "weighted avg": {
    "precision": 0.45749782040104625,
    "recall": 0.4594594594594595,
    "f1-score": 0.42950327376556885,
    "support": 74
  }
}