{
  "0": {
    "precision": 0.9703557312252964,
    "recall": 0.9571150097465887,
    "f1-score": 0.9636898920510303,
    "support": 513
  },
  "1": {
    "precision": 0.9579349904397706,
    "recall": 0.9709302325581395,
    "f1-score": 0.9643888354186718,
    "support": 516
  },
  "accuracy": 0.9640427599611273,
  "macro avg": {
    "precision": 0.9641453608325334,
    "recall": 0.9640226211523641,
    "f1-score": 0.964039363734851,
    "support": 1029
  },
  "weighted avg": {
    "precision": 0.964127254796403,
    "recall": 0.9640427599611273,
    "f1-score": 0.964040382602734,
    "support": 1029
  }
}