{
  "0": {
    "precision": 0.7441860465116279,
    "recall": 0.8888888888888888,
    "f1-score": 0.8101265822784809,
    "support": 36
  },
  "1": {
    "precision": 0.9298245614035088,
    "recall": 0.828125,
    "f1-score": 0.8760330578512396,
    "support": 64
  },
  "accuracy": 0.85,
  "macro avg": {
    "precision": 0.8370053039575683,
    "recall": 0.8585069444444444,
    "f1-score": 0.8430798200648603,
    "support": 100
  },
  "weighted avg": {
    "precision": 0.8629946960424317,
    "recall": 0.85,
    "f1-score": 0.8523067266450465,
    "support": 100
  }
}