{
  "0": {
    "precision": 0.18181818181818182,
    "recall": 0.13333333333333333,
    "f1-score": 0.15384615384615383,
    "support": 15
  },
  "1": {
    "precision": 0.5416666666666666,
    "recall": 0.43333333333333335,
    "f1-score": 0.4814814814814815,
    "support": 30
  },
  "2": {
    "precision": 0.4375,
    "recall": 0.4666666666666667,
    "f1-score": 0.45161290322580644,
    "support": 15
  },
  "3": {
    "precision": 0.30434782608695654,
    "recall": 0.5,
    "f1-score": 0.3783783783783784,
    "support": 14
  },
  "accuracy": 0.3918918918918919,
  "macro avg": {
    "precision": 0.36633316864295123,
    "recall": 0.3833333333333333,
    "f1-score": 0.36632972923295504,
    "support": 74
  },
  "weighted avg": {
    "precision": 0.40271138233094755,
    "recall": 0.3918918918918919,
    "f1-score": 0.3895084810516371,
    "support": 74
  }
}