{
  "0": {
    "precision": 0.25,
    "recall": 0.13333333333333333,
    "f1-score": 0.1739130434782609,
    "support": 15
  },
  "1": {
    "precision": 0.4,
    "recall": 0.2,
    "f1-score": 0.26666666666666666,
    "support": 30
  },
  "2": {
    "precision": 0.2916666666666667,
    "recall": 0.4666666666666667,
    "f1-score": 0.35897435897435903,
    "support": 15
  },
  "3": {
    "precision": 0.14814814814814814,
    "recall": 0.2857142857142857,
    "f1-score": 0.1951219512195122,
    "support": 14
  },
  "accuracy": 0.25675675675675674,
  "macro avg": {
    "precision": 0.2724537037037037,
    "recall": 0.27142857142857146,
    "f1-score": 0.2486690050846997,
    "support": 74
  },
  "weighted avg": {
    "precision": 0.2999874874874875,
    "recall": 0.25675675675675674,
    "f1-score": 0.25304078856570905,
    "support": 74
  }
}