{
  "0": {
    "precision": 0.4,
    "recall": 0.13333333333333333,
    "f1-score": 0.2,
    "support": 15
  },
  "1": {
    "precision": 0.5833333333333334,
    "recall": 0.4666666666666667,
    "f1-score": 0.5185185185185186,
    "support": 30
  },
  "2": {
    "precision": 0.19047619047619047,
    "recall": 0.26666666666666666,
    "f1-score": 0.2222222222222222,
    "support": 15
  },
  "3": {
    "precision": 0.20833333333333334,
    "recall": 0.35714285714285715,
    "f1-score": 0.2631578947368421,
    "support": 14
  },
  "accuracy": 0.33783783783783783,
  "macro avg": {
    "precision": 0.3455357142857143,
    "recall": 0.305952380952381,
    "f1-score": 0.30097465886939573,
    "support": 74
  },
  "weighted avg": {
    "precision": 0.3955920205920206,
    "recall": 0.33783783783783783,
    "f1-score": 0.345582424529793,
    "support": 74
  }
}