{
  "0": {
    "precision": 0.25,
    "recall": 0.06666666666666667,
    "f1-score": 0.10526315789473685,
    "support": 15
  },
  "1": {
    "precision": 0.5384615384615384,
    "recall": 0.4666666666666667,
    "f1-score": 0.5,
    "support": 30
  },
  "2": {
    "precision": 0.3076923076923077,
    "recall": 0.26666666666666666,
    "f1-score": 0.28571428571428575,
    "support": 15
  },
  "3": {
    "precision": 0.22580645161290322,
    "recall": 0.5,
    "f1-score": 0.3111111111111111,
    "support": 14
  },
  "accuracy": 0.35135135135135137,
  "macro avg": {
    "precision": 0.3304900744416874,
    "recall": 0.325,
    "f1-score": 0.3005221386800334,
    "support": 74
  },
  "weighted avg": {
    "precision": 0.3740610958352894,
    "recall": 0.35135135135135137,
    "f1-score": 0.34081374607690396,
    "support": 74
  }
}