{
  "0": {
    "precision": 0.9180672268907563,
    "recall": 0.8518518518518519,
    "f1-score": 0.883720930232558,
    "support": 513.0
  },
  "1": {
    "precision": 0.8625678119349005,
    "recall": 0.9244186046511628,
    "f1-score": 0.8924228250701591,
    "support": 516.0
  },
  "accuracy": 0.8882410106899903,
  "macro avg": {
    "precision": 0.8903175194128283,
    "recall": 0.8881352282515074,
    "f1-score": 0.8880718776513585,
    "support": 1029.0
  },
  "weighted avg": {
    "precision": 0.890236616475575,
    "recall": 0.8882410106899903,
    "f1-score": 0.8880845626292561,
    "support": 1029.0
  }
}