{
  "0": {
    "precision": 0.9799196787148594,
    "recall": 0.9512670565302144,
    "f1-score": 0.9653808110781403,
    "support": 513
  },
  "1": {
    "precision": 0.9529190207156308,
    "recall": 0.9806201550387597,
    "f1-score": 0.9665711556829035,
    "support": 516
  },
  "accuracy": 0.9659863945578231,
  "macro avg": {
    "precision": 0.9664193497152451,
    "recall": 0.965943605784487,
    "f1-score": 0.9659759833805219,
    "support": 1029
  },
  "weighted avg": {
    "precision": 0.9663799901554795,
    "recall": 0.9659863945578231,
    "f1-score": 0.9659777185767389,
    "support": 1029
  }
}