{
  "0": {
    "precision": 0.3870967741935484,
    "recall": 0.8,
    "f1-score": 0.5217391304347827,
    "support": 15
  },
  "1": {
    "precision": 0.5416666666666666,
    "recall": 0.43333333333333335,
    "f1-score": 0.4814814814814815,
    "support": 30
  },
  "2": {
    "precision": 0.35294117647058826,
    "recall": 0.4,
    "f1-score": 0.37500000000000006,
    "support": 15
  },
  "3": {
    "precision": 0.5,
    "recall": 0.07142857142857142,
    "f1-score": 0.125,
    "support": 14
  },
  "accuracy": 0.43243243243243246,
  "macro avg": {
    "precision": 0.44542615433270083,
    "recall": 0.4261904761904762,
    "f1-score": 0.375805152979066,
    "support": 74
  },
  "weighted avg": {
    "precision": 0.46419688189137903,
    "recall": 0.43243243243243246,
    "f1-score": 0.40061528920224576,
    "support": 74
  }
}