{
  "0": {
    "precision": 0.2857142857142857,
    "recall": 0.26666666666666666,
    "f1-score": 0.2758620689655172,
    "support": 15
  },
  "1": {
    "precision": 0.6521739130434783,
    "recall": 0.5,
    "f1-score": 0.5660377358490566,
    "support": 30
  },
  "2": {
    "precision": 0.2857142857142857,
    "recall": 0.26666666666666666,
    "f1-score": 0.2758620689655172,
    "support": 15
  },
  "3": {
    "precision": 0.21739130434782608,
    "recall": 0.35714285714285715,
    "f1-score": 0.27027027027027023,
    "support": 14
  },
  "accuracy": 0.3783783783783784,
  "macro avg": {
    "precision": 0.36024844720496896,
    "recall": 0.3476190476190476,
    "f1-score": 0.3470080360125903,
    "support": 74
  },
  "weighted avg": {
    "precision": 0.4213530300486822,
    "recall": 0.3783783783783784,
    "f1-score": 0.39244294497595944,
    "support": 74
  }
}