{
  "0": {
    "precision": 0.8268876611418048,
    "recall": 0.8752436647173489,
    "f1-score": 0.850378787878788,
    "support": 513.0
  },
  "1": {
    "precision": 0.8683127572016461,
    "recall": 0.8178294573643411,
    "f1-score": 0.8423153692614771,
    "support": 516.0
  },
  "accuracy": 0.8464528668610302,
  "macro avg": {
    "precision": 0.8476002091717254,
    "recall": 0.8465365610408451,
    "f1-score": 0.8463470785701326,
    "support": 1029.0
  },
  "weighted avg": {
    "precision": 0.8476605956091304,
    "recall": 0.8464528668610302,
    "f1-score": 0.8463353243155884,
    "support": 1029.0
  }
}