{
  "0": {
    "precision": 0.8823529411764706,
    "recall": 0.8333333333333334,
    "f1-score": 0.8571428571428571,
    "support": 36
  },
  "1": {
    "precision": 0.9090909090909091,
    "recall": 0.9375,
    "f1-score": 0.923076923076923,
    "support": 64
  },
  "accuracy": 0.9,
  "macro avg": {
    "precision": 0.8957219251336899,
    "recall": 0.8854166666666667,
    "f1-score": 0.8901098901098901,
    "support": 100
  },
  "weighted avg": {
    "precision": 0.8994652406417112,
    "recall": 0.9,
    "f1-score": 0.8993406593406593,
    "support": 100
  }
}