{
  "0": {
    "precision": 0.9509345794392523,
    "recall": 0.7933723196881092,
    "f1-score": 0.865037194473964,
    "support": 513.0
  },
  "1": {
    "precision": 0.8236272878535774,
    "recall": 0.9593023255813954,
    "f1-score": 0.8863025962399285,
    "support": 516.0
  },
  "accuracy": 0.8765792031098154,
  "macro avg": {
    "precision": 0.8872809336464149,
    "recall": 0.8763373226347523,
    "f1-score": 0.8756698953569462,
    "support": 1029.0
  },
  "weighted avg": {
    "precision": 0.8870953545041618,
    "recall": 0.8765792031098154,
    "f1-score": 0.875700894484885,
    "support": 1029.0
  }
}