{
  "0": {
    "precision": 0.0,
    "recall": 0.0,
    "f1-score": 0.0,
    "support": 15
  },
  "1": {
    "precision": 0.25,
    "recall": 0.1,
    "f1-score": 0.14285714285714288,
    "support": 30
  },
  "2": {
    "precision": 0.26666666666666666,
    "recall": 0.5333333333333333,
    "f1-score": 0.3555555555555555,
    "support": 15
  },
  "3": {
    "precision": 0.21428571428571427,
    "recall": 0.42857142857142855,
    "f1-score": 0.2857142857142857,
    "support": 14
  },
  "accuracy": 0.22972972972972974,
  "macro avg": {
    "precision": 0.18273809523809523,
    "recall": 0.2654761904761905,
    "f1-score": 0.19603174603174603,
    "support": 74
  },
  "weighted avg": {
    "precision": 0.19594594594594594,
    "recall": 0.22972972972972974,
    "f1-score": 0.18404118404118405,
    "support": 74
  }
}