{
  "0": {
    "precision": 0.5,
    "recall": 0.3333333333333333,
    "f1-score": 0.4,
    "support": 15
  },
  "1": {
    "precision": 0.43333333333333335,
    "recall": 0.8666666666666667,
    "f1-score": 0.5777777777777778,
    "support": 30
  },
  "2": {
    "precision": 0.25,
    "recall": 0.06666666666666667,
    "f1-score": 0.10526315789473685,
    "support": 15
  },
  "3": {
    "precision": 0.0,
    "recall": 0.0,
    "f1-score": 0.0,
    "support": 14
  },
  "accuracy": 0.43243243243243246,
  "macro avg": {
    "precision": 0.29583333333333334,
    "recall": 0.31666666666666665,
    "f1-score": 0.2707602339181287,
    "support": 74
  },
  "weighted avg": {
    "precision": 0.3277027027027027,
    "recall": 0.43243243243243246,
    "f1-score": 0.33665244191559984,
    "support": 74
  }
}