{
  "0": {
    "precision": 0.9700598802395209,
    "recall": 0.9473684210526315,
    "f1-score": 0.9585798816568046,
    "support": 513
  },
  "1": {
    "precision": 0.9488636363636364,
    "recall": 0.9709302325581395,
    "f1-score": 0.9597701149425287,
    "support": 516
  },
  "accuracy": 0.9591836734693877,
  "macro avg": {
    "precision": 0.9594617583015786,
    "recall": 0.9591493268053854,
    "f1-score": 0.9591749982996667,
    "support": 1029
  },
  "weighted avg": {
    "precision": 0.9594308599868907,
    "recall": 0.9591836734693877,
    "f1-score": 0.959176733333611,
    "support": 1029
  }
}