{
  "0": {
    "precision": 0.9738430583501007,
    "recall": 0.9434697855750487,
    "f1-score": 0.9584158415841585,
    "support": 513
  },
  "1": {
    "precision": 0.9454887218045113,
    "recall": 0.9748062015503876,
    "f1-score": 0.9599236641221373,
    "support": 516
  },
  "accuracy": 0.9591836734693877,
  "macro avg": {
    "precision": 0.959665890077306,
    "recall": 0.9591379935627181,
    "f1-score": 0.9591697528531479,
    "support": 1029
  },
  "weighted avg": {
    "precision": 0.9596245572251987,
    "recall": 0.9591836734693877,
    "f1-score": 0.9591719508451858,
    "support": 1029
  }
}