{
  "0": {
    "precision": 0.5789473684210527,
    "recall": 0.6111111111111112,
    "f1-score": 0.5945945945945946,
    "support": 36
  },
  "1": {
    "precision": 0.7741935483870968,
    "recall": 0.75,
    "f1-score": 0.7619047619047619,
    "support": 64
  },
  "accuracy": 0.7,
  "macro avg": {
    "precision": 0.6765704584040747,
    "recall": 0.6805555555555556,
    "f1-score": 0.6782496782496783,
    "support": 100
  },
  "weighted avg": {
    "precision": 0.703904923599321,
    "recall": 0.7,
    "f1-score": 0.7016731016731016,
    "support": 100
  }
}