{
  "0": {
    "precision": 0.8648648648648649,
    "recall": 0.8888888888888888,
    "f1-score": 0.8767123287671232,
    "support": 36
  },
  "1": {
    "precision": 0.9365079365079365,
    "recall": 0.921875,
    "f1-score": 0.9291338582677166,
    "support": 64
  },
  "accuracy": 0.91,
  "macro avg": {
    "precision": 0.9006864006864007,
    "recall": 0.9053819444444444,
    "f1-score": 0.90292309351742,
    "support": 100
  },
  "weighted avg": {
    "precision": 0.9107164307164308,
    "recall": 0.91,
    "f1-score": 0.9102621076475029,
    "support": 100
  }
}