{
  "0": {
    "precision": 0.0,
    "recall": 0.0,
    "f1-score": 0.0,
    "support": 36.0
  },
  "1": {
    "precision": 0.037037037037037035,
    "recall": 0.23076923076923078,
    "f1-score": 0.06382978723404256,
    "support": 26.0
  },
  "2": {
    "precision": 0.0,
    "recall": 0.0,
    "f1-score": 0.0,
    "support": 25.0
  },
  "3": {
    "precision": 0.0,
    "recall": 0.0,
    "f1-score": 0.0,
    "support": 37.0
  },
  "4": {
    "precision": 0.06666666666666667,
    "recall": 0.025,
    "f1-score": 0.03636363636363636,
    "support": 40.0
  },
  "5": {
    "precision": 0.05084745762711865,
    "recall": 0.17142857142857143,
    "f1-score": 0.07843137254901962,
    "support": 35.0
  },
  "6": {
    "precision": 0.0,
    "recall": 0.0,
    "f1-score": 0.0,
    "support": 29.0
  },
  "7": {
    "precision": 0.0,
    "recall": 0.0,
    "f1-score": 0.0,
    "support": 33.0
  },
  "8": {
    "precision": 0.05,
    "recall": 0.03125,
    "f1-score": 0.038461538461538464,
    "support": 32.0
  },
  "9": {
    "precision": 0.0,
    "recall": 0.0,
    "f1-score": 0.0,
    "support": 31.0
  },
  "10": {
    "precision": 0.0,
    "recall": 0.0,
    "f1-score": 0.0,
    "support": 33.0
  },
  "11": {
    "precision": 0.0,
    "recall": 0.0,
    "f1-score": 0.0,
    "support": 34.0
  },
  "12": {
    "precision": 0.0,
    "recall": 0.0,
    "f1-score": 0.0,
    "support": 31.0
  },
  "13": {
    "precision": 0.06,
    "recall": 0.08823529411764706,
    "f1-score": 0.07142857142857141,
    "support": 34.0
  },
  "14": {
    "precision": 0.07317073170731707,
    "recall": 0.27906976744186046,
    "f1-score": 0.11594202898550722,
    "support": 43.0
  },
  "15": {
    "precision": 0.0,
    "recall": 0.0,
    "f1-score": 0.0,
    "support": 32.0
  },
  "16": {
    "precision": 0.046511627906976744,
    "recall": 0.16216216216216217,
    "f1-score": 0.07228915662650602,
    "support": 37.0
  },
  "17": {
    "precision": 0.0,
    "recall": 0.0,
    "f1-score": 0.0,
    "support": 26.0
  },
  "18": {
    "precision": 0.0743801652892562,
    "recall": 0.28125,
    "f1-score": 0.11764705882352942,
    "support": 32.0
  },
  "19": {
    "precision": 0.0,
    "recall": 0.0,
    "f1-score": 0.0,
    "support": 29.0
  },
  "20": {
    "precision": 0.0,
    "recall": 0.0,
    "f1-score": 0.0,
    "support": 43.0
  },
  "21": {
    "precision": 0.0,
    "recall": 0.0,
    "f1-score": 0.0,
    "support": 34.0
  },
  "22": {
    "precision": 0.046511627906976744,
    "recall": 0.06666666666666667,
    "f1-score": 0.0547945205479452,
    "support": 30.0
  },
  "23": {
    "precision": 0.0,
    "recall": 0.0,
    "f1-score": 0.0,
    "support": 29.0
  },
  "24": {
    "precision": 0.0,
    "recall": 0.0,
    "f1-score": 0.0,
    "support": 32.0
  },
  "25": {
    "precision": 0.0,
    "recall": 0.0,
    "f1-score": 0.0,
    "support": 27.0
  },
  "accuracy": 0.05411764705882353,
  "macro avg": {
    "precision": 0.019427896697744196,
    "recall": 0.05137814202254379,
    "f1-score": 0.024968756577703703,
    "support": 850.0
  },
  "weighted avg": {
    "precision": 0.0208142076106083,
    "recall": 0.05411764705882353,
    "f1-score": 0.02657330136651263,
    "support": 850.0
  }
}