{
  "0": {
    "precision": 0.0,
    "recall": 0.0,
    "f1-score": 0.0,
    "support": 15
  },
  "1": {
    "precision": 0.5555555555555556,
    "recall": 0.3333333333333333,
    "f1-score": 0.4166666666666667,
    "support": 30
  },
  "2": {
    "precision": 0.3333333333333333,
    "recall": 0.4,
    "f1-score": 0.3636363636363636,
    "support": 15
  },
  "3": {
    "precision": 0.15151515151515152,
    "recall": 0.35714285714285715,
    "f1-score": 0.21276595744680848,
    "support": 14
  },
  "accuracy": 0.28378378378378377,
  "macro avg": {
    "precision": 0.2601010101010101,
    "recall": 0.27261904761904765,
    "f1-score": 0.2482672469374597,
    "support": 74
  },
  "weighted avg": {
    "precision": 0.3214578214578215,
    "recall": 0.28378378378378377,
    "f1-score": 0.2828820116054159,
    "support": 74
  }
}