{
  "0": {
    "precision": 0.7777777777777778,
    "recall": 0.7777777777777778,
    "f1-score": 0.7777777777777778,
    "support": 36
  },
  "1": {
    "precision": 0.875,
    "recall": 0.875,
    "f1-score": 0.875,
    "support": 64
  },
  "accuracy": 0.84,
  "macro avg": {
    "precision": 0.8263888888888888,
    "recall": 0.8263888888888888,
    "f1-score": 0.8263888888888888,
    "support": 100
  },
  "weighted avg": {
    "precision": 0.84,
    "recall": 0.84,
    "f1-score": 0.84,
    "support": 100
  }
}