{
  "0": {
    "precision": 0.3333333333333333,
    "recall": 0.13333333333333333,
    "f1-score": 0.19047619047619044,
    "support": 15
  },
  "1": {
    "precision": 0.55,
    "recall": 0.36666666666666664,
    "f1-score": 0.43999999999999995,
    "support": 30
  },
  "2": {
    "precision": 0.23809523809523808,
    "recall": 0.3333333333333333,
    "f1-score": 0.2777777777777778,
    "support": 15
  },
  "3": {
    "precision": 0.18518518518518517,
    "recall": 0.35714285714285715,
    "f1-score": 0.24390243902439024,
    "support": 14
  },
  "accuracy": 0.3108108108108108,
  "macro avg": {
    "precision": 0.32665343915343914,
    "recall": 0.2976190476190476,
    "f1-score": 0.2880391018195896,
    "support": 74
  },
  "weighted avg": {
    "precision": 0.3738381238381238,
    "recall": 0.3108108108108108,
    "f1-score": 0.3194384279750134,
    "support": 74
  }
}