{
  "0": {
    "precision": 0.8235294117647058,
    "recall": 0.7777777777777778,
    "f1-score": 0.7999999999999999,
    "support": 36
  },
  "1": {
    "precision": 0.8787878787878788,
    "recall": 0.90625,
    "f1-score": 0.8923076923076922,
    "support": 64
  },
  "accuracy": 0.86,
  "macro avg": {
    "precision": 0.8511586452762923,
    "recall": 0.8420138888888888,
    "f1-score": 0.846153846153846,
    "support": 100
  },
  "weighted avg": {
    "precision": 0.8588948306595365,
    "recall": 0.86,
    "f1-score": 0.859076923076923,
    "support": 100
  }
}