{
  "0": {
    "precision": 0.2,
    "recall": 0.06666666666666667,
    "f1-score": 0.1,
    "support": 15
  },
  "1": {
    "precision": 0.42105263157894735,
    "recall": 0.26666666666666666,
    "f1-score": 0.326530612244898,
    "support": 30
  },
  "2": {
    "precision": 0.2777777777777778,
    "recall": 0.3333333333333333,
    "f1-score": 0.303030303030303,
    "support": 15
  },
  "3": {
    "precision": 0.21875,
    "recall": 0.5,
    "f1-score": 0.30434782608695654,
    "support": 14
  },
  "accuracy": 0.28378378378378377,
  "macro avg": {
    "precision": 0.2793951023391813,
    "recall": 0.29166666666666663,
    "f1-score": 0.2584771853405394,
    "support": 74
  },
  "weighted avg": {
    "precision": 0.30892899478425795,
    "recall": 0.28378378378378377,
    "f1-score": 0.2716519253786335,
    "support": 74
  }
}