{
  "0": {
    "precision": 0.0,
    "recall": 0.0,
    "f1-score": 0.0,
    "support": 15
  },
  "1": {
    "precision": 0.3684210526315789,
    "recall": 0.23333333333333334,
    "f1-score": 0.2857142857142857,
    "support": 30
  },
  "2": {
    "precision": 0.34615384615384615,
    "recall": 0.6,
    "f1-score": 0.43902439024390244,
    "support": 15
  },
  "3": {
    "precision": 0.28,
    "recall": 0.5,
    "f1-score": 0.358974358974359,
    "support": 14
  },
  "accuracy": 0.3108108108108108,
  "macro avg": {
    "precision": 0.24864372469635626,
    "recall": 0.3333333333333333,
    "f1-score": 0.2709282587331368,
    "support": 74
  },
  "weighted avg": {
    "precision": 0.2724991793412846,
    "recall": 0.3108108108108108,
    "f1-score": 0.2727356141990288,
    "support": 74
  }
}