{
  "0": {
    "precision": 0.6666666666666666,
    "recall": 0.5,
    "f1-score": 0.5714285714285715,
    "support": 36
  },
  "1": {
    "precision": 0.7534246575342466,
    "recall": 0.859375,
    "f1-score": 0.8029197080291972,
    "support": 64
  },
  "accuracy": 0.73,
  "macro avg": {
    "precision": 0.7100456621004566,
    "recall": 0.6796875,
    "f1-score": 0.6871741397288844,
    "support": 100
  },
  "weighted avg": {
    "precision": 0.7221917808219177,
    "recall": 0.73,
    "f1-score": 0.7195828988529719,
    "support": 100
  }
}