{
  "0": {
    "precision": 0.5333333333333333,
    "recall": 0.6666666666666666,
    "f1-score": 0.5925925925925926,
    "support": 36
  },
  "1": {
    "precision": 0.7818181818181819,
    "recall": 0.671875,
    "f1-score": 0.7226890756302521,
    "support": 64
  },
  "accuracy": 0.67,
  "macro avg": {
    "precision": 0.6575757575757576,
    "recall": 0.6692708333333333,
    "f1-score": 0.6576408341114224,
    "support": 100
  },
  "weighted avg": {
    "precision": 0.6923636363636363,
    "recall": 0.67,
    "f1-score": 0.6758543417366947,
    "support": 100
  }
}