{
  "0": {
    "precision": 0.0,
    "recall": 0.0,
    "f1-score": 0.0,
    "support": 15
  },
  "1": {
    "precision": 0.5,
    "recall": 0.4,
    "f1-score": 0.4444444444444445,
    "support": 30
  },
  "2": {
    "precision": 0.25,
    "recall": 0.26666666666666666,
    "f1-score": 0.2580645161290323,
    "support": 15
  },
  "3": {
    "precision": 0.27586206896551724,
    "recall": 0.5714285714285714,
    "f1-score": 0.37209302325581395,
    "support": 14
  },
  "accuracy": 0.32432432432432434,
  "macro avg": {
    "precision": 0.25646551724137934,
    "recall": 0.30952380952380953,
    "f1-score": 0.2686504959573227,
    "support": 74
  },
  "weighted avg": {
    "precision": 0.30556849953401677,
    "recall": 0.32432432432432434,
    "f1-score": 0.30288653244392183,
    "support": 74
  }
}