{
  "0": {
    "precision": 0.23076923076923078,
    "recall": 0.2,
    "f1-score": 0.21428571428571427,
    "support": 15
  },
  "1": {
    "precision": 0.5,
    "recall": 0.3,
    "f1-score": 0.37499999999999994,
    "support": 30
  },
  "2": {
    "precision": 0.23076923076923078,
    "recall": 0.2,
    "f1-score": 0.21428571428571427,
    "support": 15
  },
  "3": {
    "precision": 0.2,
    "recall": 0.42857142857142855,
    "f1-score": 0.27272727272727276,
    "support": 14
  },
  "accuracy": 0.28378378378378377,
  "macro avg": {
    "precision": 0.2903846153846154,
    "recall": 0.28214285714285714,
    "f1-score": 0.2690746753246753,
    "support": 74
  },
  "weighted avg": {
    "precision": 0.3340956340956341,
    "recall": 0.28378378378378377,
    "f1-score": 0.29049666549666553,
    "support": 74
  }
}