{
  "0": {
    "precision": 0.2222222222222222,
    "recall": 0.13333333333333333,
    "f1-score": 0.16666666666666669,
    "support": 15
  },
  "1": {
    "precision": 0.5357142857142857,
    "recall": 0.5,
    "f1-score": 0.5172413793103449,
    "support": 30
  },
  "2": {
    "precision": 0.3333333333333333,
    "recall": 0.3333333333333333,
    "f1-score": 0.3333333333333333,
    "support": 15
  },
  "3": {
    "precision": 0.2727272727272727,
    "recall": 0.42857142857142855,
    "f1-score": 0.33333333333333326,
    "support": 14
  },
  "accuracy": 0.3783783783783784,
  "macro avg": {
    "precision": 0.34099927849927847,
    "recall": 0.3488095238095238,
    "f1-score": 0.3376436781609195,
    "support": 74
  },
  "weighted avg": {
    "precision": 0.38139113139113134,
    "recall": 0.3783783783783784,
    "f1-score": 0.37410686548617583,
    "support": 74
  }
}