{
  "0": {
    "precision": 0.9758551307847082,
    "recall": 0.9454191033138402,
    "f1-score": 0.9603960396039604,
    "support": 513
  },
  "1": {
    "precision": 0.9473684210526315,
    "recall": 0.9767441860465116,
    "f1-score": 0.9618320610687022,
    "support": 516
  },
  "accuracy": 0.9611273080660836,
  "macro avg": {
    "precision": 0.9616117759186699,
    "recall": 0.9610816446801759,
    "f1-score": 0.9611140503363313,
    "support": 1029
  },
  "weighted avg": {
    "precision": 0.9615702501027339,
    "recall": 0.9611273080660836,
    "f1-score": 0.9611161436620818,
    "support": 1029
  }
}