{
  "0": {
    "precision": 0.5555555555555556,
    "recall": 0.9722222222222222,
    "f1-score": 0.7070707070707072,
    "support": 36
  },
  "1": {
    "precision": 0.972972972972973,
    "recall": 0.5625,
    "f1-score": 0.712871287128713,
    "support": 64
  },
  "accuracy": 0.71,
  "macro avg": {
    "precision": 0.7642642642642643,
    "recall": 0.7673611111111112,
    "f1-score": 0.7099709970997101,
    "support": 100
  },
  "weighted avg": {
    "precision": 0.8227027027027027,
    "recall": 0.71,
    "f1-score": 0.7107830783078309,
    "support": 100
  }
}