{
  "0": {
    "precision": 0.6666666666666666,
    "recall": 0.4444444444444444,
    "f1-score": 0.5333333333333333,
    "support": 36
  },
  "1": {
    "precision": 0.7368421052631579,
    "recall": 0.875,
    "f1-score": 0.7999999999999999,
    "support": 64
  },
  "accuracy": 0.72,
  "macro avg": {
    "precision": 0.7017543859649122,
    "recall": 0.6597222222222222,
    "f1-score": 0.6666666666666666,
    "support": 100
  },
  "weighted avg": {
    "precision": 0.7115789473684211,
    "recall": 0.72,
    "f1-score": 0.704,
    "support": 100
  }
}