{
  "0": {
    "precision": 0.7333333333333333,
    "recall": 0.9166666666666666,
    "f1-score": 0.8148148148148148,
    "support": 36
  },
  "1": {
    "precision": 0.9454545454545454,
    "recall": 0.8125,
    "f1-score": 0.8739495798319329,
    "support": 64
  },
  "accuracy": 0.85,
  "macro avg": {
    "precision": 0.8393939393939394,
    "recall": 0.8645833333333333,
    "f1-score": 0.8443821973233738,
    "support": 100
  },
  "weighted avg": {
    "precision": 0.869090909090909,
    "recall": 0.85,
    "f1-score": 0.8526610644257704,
    "support": 100
  }
}