{
  "0": {
    "precision": 0.0,
    "recall": 0.0,
    "f1-score": 0.0,
    "support": 15
  },
  "1": {
    "precision": 0.43478260869565216,
    "recall": 0.3333333333333333,
    "f1-score": 0.3773584905660377,
    "support": 30
  },
  "2": {
    "precision": 0.3125,
    "recall": 0.3333333333333333,
    "f1-score": 0.3225806451612903,
    "support": 15
  },
  "3": {
    "precision": 0.15384615384615385,
    "recall": 0.2857142857142857,
    "f1-score": 0.2,
    "support": 14
  },
  "accuracy": 0.25675675675675674,
  "macro avg": {
    "precision": 0.2252821906354515,
    "recall": 0.23809523809523808,
    "f1-score": 0.22498478393183202,
    "support": 74
  },
  "weighted avg": {
    "precision": 0.26871384344210425,
    "recall": 0.25675675675675674,
    "f1-score": 0.2562089783027093,
    "support": 74
  }
}