{
  "0": {
    "precision": 0.42028985507246375,
    "recall": 0.8055555555555556,
    "f1-score": 0.5523809523809524,
    "support": 36
  },
  "1": {
    "precision": 0.7741935483870968,
    "recall": 0.375,
    "f1-score": 0.5052631578947367,
    "support": 64
  },
  "accuracy": 0.53,
  "macro avg": {
    "precision": 0.5972417017297802,
    "recall": 0.5902777777777778,
    "f1-score": 0.5288220551378446,
    "support": 100
  },
  "weighted avg": {
    "precision": 0.646788218793829,
    "recall": 0.53,
    "f1-score": 0.5222255639097744,
    "support": 100
  }
}