{
  "0": {
    "precision": 0.0,
    "recall": 0.0,
    "f1-score": 0.0,
    "support": 15
  },
  "1": {
    "precision": 0.5517241379310345,
    "recall": 0.5333333333333333,
    "f1-score": 0.5423728813559322,
    "support": 30
  },
  "2": {
    "precision": 0.25,
    "recall": 0.2,
    "f1-score": 0.22222222222222224,
    "support": 15
  },
  "3": {
    "precision": 0.2903225806451613,
    "recall": 0.6428571428571429,
    "f1-score": 0.4,
    "support": 14
  },
  "accuracy": 0.3783783783783784,
  "macro avg": {
    "precision": 0.27301167964404893,
    "recall": 0.34404761904761905,
    "f1-score": 0.2911487758945386,
    "support": 74
  },
  "weighted avg": {
    "precision": 0.3292735171211256,
    "recall": 0.3783783783783784,
    "f1-score": 0.34060161856772025,
    "support": 74
  }
}