{
  "0": {
    "precision": 0.2222222222222222,
    "recall": 0.13333333333333333,
    "f1-score": 0.16666666666666669,
    "support": 15
  },
  "1": {
    "precision": 0.4666666666666667,
    "recall": 0.23333333333333334,
    "f1-score": 0.31111111111111117,
    "support": 30
  },
  "2": {
    "precision": 0.29411764705882354,
    "recall": 0.3333333333333333,
    "f1-score": 0.3125,
    "support": 15
  },
  "3": {
    "precision": 0.15151515151515152,
    "recall": 0.35714285714285715,
    "f1-score": 0.21276595744680848,
    "support": 14
  },
  "accuracy": 0.25675675675675674,
  "macro avg": {
    "precision": 0.283630421865716,
    "recall": 0.2642857142857143,
    "f1-score": 0.2507609338061466,
    "support": 74
  },
  "weighted avg": {
    "precision": 0.322517704870646,
    "recall": 0.25675675675675674,
    "f1-score": 0.26350752348092776,
    "support": 74
  }
}