{
  "0": {
    "precision": 0.18181818181818182,
    "recall": 0.13333333333333333,
    "f1-score": 0.15384615384615383,
    "support": 15
  },
  "1": {
    "precision": 0.4666666666666667,
    "recall": 0.23333333333333334,
    "f1-score": 0.31111111111111117,
    "support": 30
  },
  "2": {
    "precision": 0.1875,
    "recall": 0.2,
    "f1-score": 0.19354838709677422,
    "support": 15
  },
  "3": {
    "precision": 0.25,
    "recall": 0.5714285714285714,
    "f1-score": 0.34782608695652173,
    "support": 14
  },
  "accuracy": 0.2702702702702703,
  "macro avg": {
    "precision": 0.2714962121212121,
    "recall": 0.2845238095238095,
    "f1-score": 0.25158293475264026,
    "support": 74
  },
  "weighted avg": {
    "precision": 0.3113482800982801,
    "recall": 0.2702702702702703,
    "f1-score": 0.26234887384957517,
    "support": 74
  }
}