{
  "0": {
    "precision": 0.18181818181818182,
    "recall": 0.13333333333333333,
    "f1-score": 0.15384615384615383,
    "support": 15
  },
  "1": {
    "precision": 0.5555555555555556,
    "recall": 0.3333333333333333,
    "f1-score": 0.4166666666666667,
    "support": 30
  },
  "2": {
    "precision": 0.4,
    "recall": 0.5333333333333333,
    "f1-score": 0.4571428571428572,
    "support": 15
  },
  "3": {
    "precision": 0.2,
    "recall": 0.35714285714285715,
    "f1-score": 0.25641025641025644,
    "support": 14
  },
  "accuracy": 0.33783783783783783,
  "macro avg": {
    "precision": 0.33434343434343433,
    "recall": 0.3392857142857143,
    "f1-score": 0.3210164835164835,
    "support": 74
  },
  "weighted avg": {
    "precision": 0.380999180999181,
    "recall": 0.33783783783783783,
    "f1-score": 0.3412780912780913,
    "support": 74
  }
}