{
  "0": {
    "precision": 0.9742574257425742,
    "recall": 0.9590643274853801,
    "f1-score": 0.9666011787819253,
    "support": 513
  },
  "1": {
    "precision": 0.9599236641221374,
    "recall": 0.9748062015503876,
    "f1-score": 0.9673076923076923,
    "support": 516
  },
  "accuracy": 0.966958211856171,
  "macro avg": {
    "precision": 0.9670905449323558,
    "recall": 0.9669352645178838,
    "f1-score": 0.9669544355448088,
    "support": 1029
  },
  "weighted avg": {
    "precision": 0.9670696502361161,
    "recall": 0.966958211856171,
    "f1-score": 0.9669554654479077,
    "support": 1029
  }
}