{
  "0": {
    "precision": 0.2727272727272727,
    "recall": 0.2,
    "f1-score": 0.23076923076923075,
    "support": 15
  },
  "1": {
    "precision": 0.5333333333333333,
    "recall": 0.26666666666666666,
    "f1-score": 0.3555555555555555,
    "support": 30
  },
  "2": {
    "precision": 0.375,
    "recall": 0.4,
    "f1-score": 0.38709677419354843,
    "support": 15
  },
  "3": {
    "precision": 0.1875,
    "recall": 0.42857142857142855,
    "f1-score": 0.26086956521739124,
    "support": 14
  },
  "accuracy": 0.3108108108108108,
  "macro avg": {
    "precision": 0.34214015151515154,
    "recall": 0.3238095238095238,
    "f1-score": 0.3085727814339315,
    "support": 74
  },
  "weighted avg": {
    "precision": 0.38298525798525795,
    "recall": 0.3108108108108108,
    "f1-score": 0.3187409547858356,
    "support": 74
  }
}