{
  "0": {
    "precision": 0.27906976744186046,
    "recall": 0.8,
    "f1-score": 0.4137931034482758,
    "support": 15.0
  },
  "1": {
    "precision": 0.625,
    "recall": 0.16666666666666666,
    "f1-score": 0.2631578947368421,
    "support": 30.0
  },
  "2": {
    "precision": 0.34782608695652173,
    "recall": 0.5333333333333333,
    "f1-score": 0.4210526315789474,
    "support": 15.0
  },
  "3": {
    "precision": 0.0,
    "recall": 0.0,
    "f1-score": 0.0,
    "support": 14.0
  },
  "accuracy": 0.33783783783783783,
  "macro avg": {
    "precision": 0.31297396359959556,
    "recall": 0.375,
    "f1-score": 0.2745009074410163,
    "support": 74.0
  },
  "weighted avg": {
    "precision": 0.38045186237805045,
    "recall": 0.33783783783783783,
    "f1-score": 0.275911119831265,
    "support": 74.0
  }
}