{
  "0": {
    "precision": 0.9817073170731707,
    "recall": 0.9415204678362573,
    "f1-score": 0.9611940298507463,
    "support": 513
  },
  "1": {
    "precision": 0.9441340782122905,
    "recall": 0.9825581395348837,
    "f1-score": 0.9629629629629629,
    "support": 516
  },
  "accuracy": 0.9620991253644315,
  "macro avg": {
    "precision": 0.9629206976427306,
    "recall": 0.9620393036855706,
    "f1-score": 0.9620784964068546,
    "support": 1029
  },
  "weighted avg": {
    "precision": 0.9628659261575105,
    "recall": 0.9620991253644315,
    "f1-score": 0.9620810750265517,
    "support": 1029
  }
}