{
  "0": {
    "precision": 0.18181818181818182,
    "recall": 0.13333333333333333,
    "f1-score": 0.15384615384615383,
    "support": 15
  },
  "1": {
    "precision": 0.52,
    "recall": 0.43333333333333335,
    "f1-score": 0.4727272727272728,
    "support": 30
  },
  "2": {
    "precision": 0.38461538461538464,
    "recall": 0.3333333333333333,
    "f1-score": 0.3571428571428571,
    "support": 15
  },
  "3": {
    "precision": 0.24,
    "recall": 0.42857142857142855,
    "f1-score": 0.30769230769230765,
    "support": 14
  },
  "accuracy": 0.35135135135135137,
  "macro avg": {
    "precision": 0.3316083916083916,
    "recall": 0.33214285714285713,
    "f1-score": 0.32285214785214783,
    "support": 74
  },
  "weighted avg": {
    "precision": 0.37103383103383103,
    "recall": 0.35135135135135137,
    "f1-score": 0.35343710343710344,
    "support": 74
  }
}