{
  "0": {
    "precision": 0.3333333333333333,
    "recall": 0.06666666666666667,
    "f1-score": 0.1111111111111111,
    "support": 15
  },
  "1": {
    "precision": 0.3333333333333333,
    "recall": 0.1,
    "f1-score": 0.15384615384615383,
    "support": 30
  },
  "2": {
    "precision": 0.45,
    "recall": 0.6,
    "f1-score": 0.5142857142857143,
    "support": 15
  },
  "3": {
    "precision": 0.16666666666666666,
    "recall": 0.5,
    "f1-score": 0.25,
    "support": 14
  },
  "accuracy": 0.2702702702702703,
  "macro avg": {
    "precision": 0.32083333333333336,
    "recall": 0.31666666666666665,
    "f1-score": 0.2573107448107448,
    "support": 74
  },
  "weighted avg": {
    "precision": 0.32545045045045046,
    "recall": 0.2702702702702703,
    "f1-score": 0.23643698643698643,
    "support": 74
  }
}