{
  "0": {
    "precision": 0.9663366336633663,
    "recall": 0.9512670565302144,
    "f1-score": 0.9587426326129665,
    "support": 513
  },
  "1": {
    "precision": 0.9522900763358778,
    "recall": 0.9670542635658915,
    "f1-score": 0.9596153846153846,
    "support": 516
  },
  "accuracy": 0.9591836734693877,
  "macro avg": {
    "precision": 0.959313354999622,
    "recall": 0.9591606600480529,
    "f1-score": 0.9591790086141756,
    "support": 1029
  },
  "weighted avg": {
    "precision": 0.9592928789685324,
    "recall": 0.9591836734693877,
    "f1-score": 0.9591802808474154,
    "support": 1029
  }
}