{
  "0": {
    "precision": 0.2857142857142857,
    "recall": 0.13333333333333333,
    "f1-score": 0.18181818181818182,
    "support": 15
  },
  "1": {
    "precision": 0.5833333333333334,
    "recall": 0.23333333333333334,
    "f1-score": 0.33333333333333337,
    "support": 30
  },
  "2": {
    "precision": 0.32,
    "recall": 0.5333333333333333,
    "f1-score": 0.4,
    "support": 15
  },
  "3": {
    "precision": 0.16666666666666666,
    "recall": 0.35714285714285715,
    "f1-score": 0.22727272727272724,
    "support": 14
  },
  "accuracy": 0.2972972972972973,
  "macro avg": {
    "precision": 0.33892857142857147,
    "recall": 0.3142857142857143,
    "f1-score": 0.2856060606060606,
    "support": 74
  },
  "weighted avg": {
    "precision": 0.3907979407979408,
    "recall": 0.2972972972972973,
    "f1-score": 0.2960687960687961,
    "support": 74
  }
}