{
  "0": {
    "precision": 0.6875,
    "recall": 0.6111111111111112,
    "f1-score": 0.6470588235294118,
    "support": 36
  },
  "1": {
    "precision": 0.7941176470588235,
    "recall": 0.84375,
    "f1-score": 0.8181818181818182,
    "support": 64
  },
  "accuracy": 0.76,
  "macro avg": {
    "precision": 0.7408088235294117,
    "recall": 0.7274305555555556,
    "f1-score": 0.732620320855615,
    "support": 100
  },
  "weighted avg": {
    "precision": 0.755735294117647,
    "recall": 0.76,
    "f1-score": 0.7565775401069519,
    "support": 100
  }
}