{
  "0": {
    "precision": 0.8484848484848485,
    "recall": 0.7777777777777778,
    "f1-score": 0.8115942028985507,
    "support": 36
  },
  "1": {
    "precision": 0.8805970149253731,
    "recall": 0.921875,
    "f1-score": 0.9007633587786259,
    "support": 64
  },
  "accuracy": 0.87,
  "macro avg": {
    "precision": 0.8645409317051108,
    "recall": 0.8498263888888888,
    "f1-score": 0.8561787808385883,
    "support": 100
  },
  "weighted avg": {
    "precision": 0.8690366350067842,
    "recall": 0.87,
    "f1-score": 0.8686624626617988,
    "support": 100
  }
}