{
  "0": {
    "precision": 0.0,
    "recall": 0.0,
    "f1-score": 0.0,
    "support": 15
  },
  "1": {
    "precision": 0.6,
    "recall": 0.6,
    "f1-score": 0.6,
    "support": 30
  },
  "2": {
    "precision": 0.35294117647058826,
    "recall": 0.4,
    "f1-score": 0.37500000000000006,
    "support": 15
  },
  "3": {
    "precision": 0.32,
    "recall": 0.5714285714285714,
    "f1-score": 0.41025641025641024,
    "support": 14
  },
  "accuracy": 0.43243243243243246,
  "macro avg": {
    "precision": 0.31823529411764706,
    "recall": 0.39285714285714285,
    "f1-score": 0.34631410256410255,
    "support": 74
  },
  "weighted avg": {
    "precision": 0.3753259141494436,
    "recall": 0.43243243243243246,
    "f1-score": 0.3968728343728344,
    "support": 74
  }
}