{
  "0": {
    "precision": 0.36,
    "recall": 0.6,
    "f1-score": 0.45,
    "support": 15
  },
  "1": {
    "precision": 0.8888888888888888,
    "recall": 0.26666666666666666,
    "f1-score": 0.41025641025641024,
    "support": 30
  },
  "2": {
    "precision": 0.3783783783783784,
    "recall": 0.9333333333333333,
    "f1-score": 0.5384615384615385,
    "support": 15
  },
  "3": {
    "precision": 0.6666666666666666,
    "recall": 0.14285714285714285,
    "f1-score": 0.23529411764705882,
    "support": 14
  },
  "accuracy": 0.44594594594594594,
  "macro avg": {
    "precision": 0.5734834834834834,
    "recall": 0.4857142857142857,
    "f1-score": 0.40850301659125193,
    "support": 74
  },
  "weighted avg": {
    "precision": 0.6361577794010226,
    "recall": 0.44594594594594594,
    "f1-score": 0.4111990950226245,
    "support": 74
  }
}