{
  "0": {
    "precision": 0.8787878787878788,
    "recall": 0.8055555555555556,
    "f1-score": 0.8405797101449276,
    "support": 36
  },
  "1": {
    "precision": 0.8955223880597015,
    "recall": 0.9375,
    "f1-score": 0.9160305343511451,
    "support": 64
  },
  "accuracy": 0.89,
  "macro avg": {
    "precision": 0.8871551334237902,
    "recall": 0.8715277777777778,
    "f1-score": 0.8783051222480364,
    "support": 100
  },
  "weighted avg": {
    "precision": 0.8894979647218453,
    "recall": 0.89,
    "f1-score": 0.8888682376369068,
    "support": 100
  }
}