{
  "0": {
    "precision": 0.7317073170731707,
    "recall": 0.8333333333333334,
    "f1-score": 0.7792207792207793,
    "support": 36
  },
  "1": {
    "precision": 0.8983050847457628,
    "recall": 0.828125,
    "f1-score": 0.8617886178861789,
    "support": 64
  },
  "accuracy": 0.83,
  "macro avg": {
    "precision": 0.8150062009094667,
    "recall": 0.8307291666666667,
    "f1-score": 0.8205046985534791,
    "support": 100
  },
  "weighted avg": {
    "precision": 0.8383298883836297,
    "recall": 0.83,
    "f1-score": 0.832064195966635,
    "support": 100
  }
}