{
  "0": {
    "precision": 0.2222222222222222,
    "recall": 0.13333333333333333,
    "f1-score": 0.16666666666666669,
    "support": 15
  },
  "1": {
    "precision": 0.5333333333333333,
    "recall": 0.26666666666666666,
    "f1-score": 0.3555555555555555,
    "support": 30
  },
  "2": {
    "precision": 0.3333333333333333,
    "recall": 0.4,
    "f1-score": 0.3636363636363636,
    "support": 15
  },
  "3": {
    "precision": 0.1875,
    "recall": 0.42857142857142855,
    "f1-score": 0.26086956521739124,
    "support": 14
  },
  "accuracy": 0.2972972972972973,
  "macro avg": {
    "precision": 0.3190972222222222,
    "recall": 0.30714285714285716,
    "f1-score": 0.28668203776899426,
    "support": 74
  },
  "weighted avg": {
    "precision": 0.3643018018018018,
    "recall": 0.2972972972972973,
    "f1-score": 0.3009917031656162,
    "support": 74
  }
}