{
  "0": {
    "precision": 0.3333333333333333,
    "recall": 0.06666666666666667,
    "f1-score": 0.1111111111111111,
    "support": 15
  },
  "1": {
    "precision": 0.48484848484848486,
    "recall": 0.5333333333333333,
    "f1-score": 0.507936507936508,
    "support": 30
  },
  "2": {
    "precision": 0.3333333333333333,
    "recall": 0.13333333333333333,
    "f1-score": 0.19047619047619044,
    "support": 15
  },
  "3": {
    "precision": 0.28125,
    "recall": 0.6428571428571429,
    "f1-score": 0.391304347826087,
    "support": 14
  },
  "accuracy": 0.3783783783783784,
  "macro avg": {
    "precision": 0.35819128787878785,
    "recall": 0.34404761904761905,
    "f1-score": 0.3002070393374741,
    "support": 74
  },
  "weighted avg": {
    "precision": 0.38490479115479115,
    "recall": 0.3783783783783784,
    "f1-score": 0.341083319344189,
    "support": 74
  }
}