{
  "0": {
    "precision": 0.3333333333333333,
    "recall": 0.06666666666666667,
    "f1-score": 0.1111111111111111,
    "support": 15
  },
  "1": {
    "precision": 0.5416666666666666,
    "recall": 0.43333333333333335,
    "f1-score": 0.4814814814814815,
    "support": 30
  },
  "2": {
    "precision": 0.25,
    "recall": 0.26666666666666666,
    "f1-score": 0.2580645161290323,
    "support": 15
  },
  "3": {
    "precision": 0.25806451612903225,
    "recall": 0.5714285714285714,
    "f1-score": 0.35555555555555557,
    "support": 14
  },
  "accuracy": 0.35135135135135137,
  "macro avg": {
    "precision": 0.34576612903225806,
    "recall": 0.3345238095238095,
    "f1-score": 0.3015531660692951,
    "support": 74
  },
  "weighted avg": {
    "precision": 0.3866608544027899,
    "recall": 0.35135135135135137,
    "f1-score": 0.337295359876005,
    "support": 74
  }
}