{
  "0": {
    "precision": 0.9736842105263158,
    "recall": 0.9376218323586745,
    "f1-score": 0.955312810327706,
    "support": 513
  },
  "1": {
    "precision": 0.9401869158878504,
    "recall": 0.9748062015503876,
    "f1-score": 0.9571836346336822,
    "support": 516
  },
  "accuracy": 0.956268221574344,
  "macro avg": {
    "precision": 0.9569355632070831,
    "recall": 0.956214016954531,
    "f1-score": 0.9562482224806941,
    "support": 1029
  },
  "weighted avg": {
    "precision": 0.9568867333315167,
    "recall": 0.956268221574344,
    "f1-score": 0.9562509496298282,
    "support": 1029
  }
}