{
  "0": {
    "precision": 0.75,
    "recall": 0.9166666666666666,
    "f1-score": 0.8250000000000001,
    "support": 36
  },
  "1": {
    "precision": 0.9464285714285714,
    "recall": 0.828125,
    "f1-score": 0.8833333333333333,
    "support": 64
  },
  "accuracy": 0.86,
  "macro avg": {
    "precision": 0.8482142857142857,
    "recall": 0.8723958333333333,
    "f1-score": 0.8541666666666667,
    "support": 100
  },
  "weighted avg": {
    "precision": 0.8757142857142857,
    "recall": 0.86,
    "f1-score": 0.8623333333333334,
    "support": 100
  }
}