{
  "0": {
    "precision": 0.0,
    "recall": 0.0,
    "f1-score": 0.0,
    "support": 15
  },
  "1": {
    "precision": 0.25,
    "recall": 0.06666666666666667,
    "f1-score": 0.10526315789473685,
    "support": 30
  },
  "2": {
    "precision": 0.3076923076923077,
    "recall": 0.5333333333333333,
    "f1-score": 0.3902439024390244,
    "support": 15
  },
  "3": {
    "precision": 0.14705882352941177,
    "recall": 0.35714285714285715,
    "f1-score": 0.20833333333333334,
    "support": 14
  },
  "accuracy": 0.20270270270270271,
  "macro avg": {
    "precision": 0.17618778280542988,
    "recall": 0.23928571428571427,
    "f1-score": 0.17596009841677365,
    "support": 74
  },
  "weighted avg": {
    "precision": 0.19154335330805922,
    "recall": 0.20270270270270271,
    "f1-score": 0.1611921613526235,
    "support": 74
  }
}