{
  "0": {
    "precision": 0.0,
    "recall": 0.0,
    "f1-score": 0.0,
    "support": 15
  },
  "1": {
    "precision": 0.38461538461538464,
    "recall": 0.16666666666666666,
    "f1-score": 0.2325581395348837,
    "support": 30
  },
  "2": {
    "precision": 0.3333333333333333,
    "recall": 0.7333333333333333,
    "f1-score": 0.45833333333333326,
    "support": 15
  },
  "3": {
    "precision": 0.2608695652173913,
    "recall": 0.42857142857142855,
    "f1-score": 0.3243243243243243,
    "support": 14
  },
  "accuracy": 0.2972972972972973,
  "macro avg": {
    "precision": 0.2447045707915273,
    "recall": 0.33214285714285713,
    "f1-score": 0.2538039492981353,
    "support": 74
  },
  "weighted avg": {
    "precision": 0.27284642502033807,
    "recall": 0.2972972972972973,
    "f1-score": 0.2485443881971223,
    "support": 74
  }
}