{
  "0": {
    "precision": 0.7941176470588235,
    "recall": 0.75,
    "f1-score": 0.7714285714285715,
    "support": 36
  },
  "1": {
    "precision": 0.8636363636363636,
    "recall": 0.890625,
    "f1-score": 0.8769230769230768,
    "support": 64
  },
  "accuracy": 0.84,
  "macro avg": {
    "precision": 0.8288770053475936,
    "recall": 0.8203125,
    "f1-score": 0.8241758241758241,
    "support": 100
  },
  "weighted avg": {
    "precision": 0.8386096256684492,
    "recall": 0.84,
    "f1-score": 0.838945054945055,
    "support": 100
  }
}