{
  "0": {
    "precision": 0.375,
    "recall": 0.2,
    "f1-score": 0.26086956521739135,
    "support": 15
  },
  "1": {
    "precision": 0.6,
    "recall": 0.4,
    "f1-score": 0.48,
    "support": 30
  },
  "2": {
    "precision": 0.25,
    "recall": 0.26666666666666666,
    "f1-score": 0.2580645161290323,
    "support": 15
  },
  "3": {
    "precision": 0.23333333333333334,
    "recall": 0.5,
    "f1-score": 0.3181818181818182,
    "support": 14
  },
  "accuracy": 0.35135135135135137,
  "macro avg": {
    "precision": 0.36458333333333337,
    "recall": 0.3416666666666667,
    "f1-score": 0.3292789748820604,
    "support": 74
  },
  "weighted avg": {
    "precision": 0.41407657657657654,
    "recall": 0.35135135135135137,
    "f1-score": 0.35998049560461903,
    "support": 74
  }
}