{
  "0": {
    "precision": 0.71875,
    "recall": 0.6388888888888888,
    "f1-score": 0.676470588235294,
    "support": 36
  },
  "1": {
    "precision": 0.8088235294117647,
    "recall": 0.859375,
    "f1-score": 0.8333333333333333,
    "support": 64
  },
  "accuracy": 0.78,
  "macro avg": {
    "precision": 0.7637867647058824,
    "recall": 0.7491319444444444,
    "f1-score": 0.7549019607843137,
    "support": 100
  },
  "weighted avg": {
    "precision": 0.7763970588235294,
    "recall": 0.78,
    "f1-score": 0.7768627450980392,
    "support": 100
  }
}