{
  "0": {
    "precision": 0.9697802197802198,
    "recall": 0.6881091617933723,
    "f1-score": 0.8050171037628278,
    "support": 513.0
  },
  "1": {
    "precision": 0.7593984962406015,
    "recall": 0.9786821705426356,
    "f1-score": 0.855207451312447,
    "support": 516.0
  },
  "accuracy": 0.8338192419825073,
  "macro avg": {
    "precision": 0.8645893580104107,
    "recall": 0.833395666168004,
    "f1-score": 0.8301122775376374,
    "support": 1029.0
  },
  "weighted avg": {
    "precision": 0.8642826791131225,
    "recall": 0.8338192419825073,
    "f1-score": 0.8301854413095756,
    "support": 1029.0
  }
}