{
  "0": {
    "precision": 0.0,
    "recall": 0.0,
    "f1-score": 0.0,
    "support": 15
  },
  "1": {
    "precision": 0.5416666666666666,
    "recall": 0.43333333333333335,
    "f1-score": 0.4814814814814815,
    "support": 30
  },
  "2": {
    "precision": 0.5,
    "recall": 0.4,
    "f1-score": 0.4444444444444445,
    "support": 15
  },
  "3": {
    "precision": 0.20588235294117646,
    "recall": 0.5,
    "f1-score": 0.2916666666666667,
    "support": 14
  },
  "accuracy": 0.35135135135135137,
  "macro avg": {
    "precision": 0.31188725490196073,
    "recall": 0.33333333333333337,
    "f1-score": 0.3043981481481482,
    "support": 74
  },
  "weighted avg": {
    "precision": 0.3598966613672496,
    "recall": 0.35135135135135137,
    "f1-score": 0.34046546546546547,
    "support": 74
  }
}