{
  "0": {
    "precision": 0.9780876494023905,
    "recall": 0.9571150097465887,
    "f1-score": 0.967487684729064,
    "support": 513
  },
  "1": {
    "precision": 0.9582542694497154,
    "recall": 0.9786821705426356,
    "f1-score": 0.9683604985618408,
    "support": 516
  },
  "accuracy": 0.967930029154519,
  "macro avg": {
    "precision": 0.9681709594260529,
    "recall": 0.9678985901446122,
    "f1-score": 0.9679240916454523,
    "support": 1029
  },
  "weighted avg": {
    "precision": 0.9681420477934689,
    "recall": 0.967930029154519,
    "f1-score": 0.9679253639688237,
    "support": 1029
  }
}