{
  "0": {
    "precision": 0.2222222222222222,
    "recall": 0.13333333333333333,
    "f1-score": 0.16666666666666669,
    "support": 15
  },
  "1": {
    "precision": 0.5,
    "recall": 0.3333333333333333,
    "f1-score": 0.4,
    "support": 30
  },
  "2": {
    "precision": 0.3076923076923077,
    "recall": 0.26666666666666666,
    "f1-score": 0.28571428571428575,
    "support": 15
  },
  "3": {
    "precision": 0.25,
    "recall": 0.5714285714285714,
    "f1-score": 0.34782608695652173,
    "support": 14
  },
  "accuracy": 0.32432432432432434,
  "macro avg": {
    "precision": 0.31997863247863245,
    "recall": 0.3261904761904762,
    "f1-score": 0.30005175983436855,
    "support": 74
  },
  "weighted avg": {
    "precision": 0.3574151074151074,
    "recall": 0.32432432432432434,
    "f1-score": 0.3196659392311566,
    "support": 74
  }
}