{
  "0": {
    "precision": 0.2,
    "recall": 0.06666666666666667,
    "f1-score": 0.1,
    "support": 15
  },
  "1": {
    "precision": 0.6153846153846154,
    "recall": 0.5333333333333333,
    "f1-score": 0.5714285714285715,
    "support": 30
  },
  "2": {
    "precision": 0.35294117647058826,
    "recall": 0.4,
    "f1-score": 0.37500000000000006,
    "support": 15
  },
  "3": {
    "precision": 0.34615384615384615,
    "recall": 0.6428571428571429,
    "f1-score": 0.45,
    "support": 14
  },
  "accuracy": 0.43243243243243246,
  "macro avg": {
    "precision": 0.37861990950226243,
    "recall": 0.4107142857142857,
    "f1-score": 0.37410714285714286,
    "support": 74
  },
  "weighted avg": {
    "precision": 0.4270514858750153,
    "recall": 0.43243243243243246,
    "f1-score": 0.4130791505791506,
    "support": 74
  }
}