{
  "0": {
    "precision": 0.16666666666666666,
    "recall": 0.06666666666666667,
    "f1-score": 0.09523809523809522,
    "support": 15
  },
  "1": {
    "precision": 0.5454545454545454,
    "recall": 0.2,
    "f1-score": 0.29268292682926833,
    "support": 30
  },
  "2": {
    "precision": 0.28,
    "recall": 0.4666666666666667,
    "f1-score": 0.35000000000000003,
    "support": 15
  },
  "3": {
    "precision": 0.1875,
    "recall": 0.42857142857142855,
    "f1-score": 0.26086956521739124,
    "support": 14
  },
  "accuracy": 0.2702702702702703,
  "macro avg": {
    "precision": 0.29490530303030305,
    "recall": 0.2904761904761905,
    "f1-score": 0.2496976468211887,
    "support": 74
  },
  "weighted avg": {
    "precision": 0.3471437346437346,
    "recall": 0.2702702702702703,
    "f1-score": 0.25825990738503996,
    "support": 74
  }
}