{
  "0": {
    "precision": 0.8,
    "recall": 0.4444444444444444,
    "f1-score": 0.5714285714285714,
    "support": 36
  },
  "1": {
    "precision": 0.75,
    "recall": 0.9375,
    "f1-score": 0.8333333333333334,
    "support": 64
  },
  "accuracy": 0.76,
  "macro avg": {
    "precision": 0.775,
    "recall": 0.6909722222222222,
    "f1-score": 0.7023809523809523,
    "support": 100
  },
  "weighted avg": {
    "precision": 0.768,
    "recall": 0.76,
    "f1-score": 0.739047619047619,
    "support": 100
  }
}