{
  "0": {
    "precision": 0.9665354330708661,
    "recall": 0.9571150097465887,
    "f1-score": 0.9618021547502449,
    "support": 513
  },
  "1": {
    "precision": 0.9577735124760077,
    "recall": 0.9670542635658915,
    "f1-score": 0.9623915139826422,
    "support": 516
  },
  "accuracy": 0.9620991253644315,
  "macro avg": {
    "precision": 0.9621544727734369,
    "recall": 0.9620846366562401,
    "f1-score": 0.9620968343664436,
    "support": 1029
  },
  "weighted avg": {
    "precision": 0.9621417002944357,
    "recall": 0.9620991253644315,
    "f1-score": 0.962097693490689,
    "support": 1029
  }
}