{
  "0": {
    "precision": 0.0,
    "recall": 0.0,
    "f1-score": 0.0,
    "support": 15
  },
  "1": {
    "precision": 0.52,
    "recall": 0.43333333333333335,
    "f1-score": 0.4727272727272728,
    "support": 30
  },
  "2": {
    "precision": 0.42857142857142855,
    "recall": 0.4,
    "f1-score": 0.4137931034482759,
    "support": 15
  },
  "3": {
    "precision": 0.22580645161290322,
    "recall": 0.5,
    "f1-score": 0.3111111111111111,
    "support": 14
  },
  "accuracy": 0.35135135135135137,
  "macro avg": {
    "precision": 0.29359447004608297,
    "recall": 0.33333333333333337,
    "f1-score": 0.29940787182166495,
    "support": 74
  },
  "weighted avg": {
    "precision": 0.3404035371777307,
    "recall": 0.35135135135135137,
    "f1-score": 0.33438203093375507,
    "support": 74
  }
}