{
  "0": {
    "precision": 0.7222222222222222,
    "recall": 0.7222222222222222,
    "f1-score": 0.7222222222222222,
    "support": 36
  },
  "1": {
    "precision": 0.84375,
    "recall": 0.84375,
    "f1-score": 0.84375,
    "support": 64
  },
  "accuracy": 0.8,
  "macro avg": {
    "precision": 0.7829861111111112,
    "recall": 0.7829861111111112,
    "f1-score": 0.7829861111111112,
    "support": 100
  },
  "weighted avg": {
    "precision": 0.8,
    "recall": 0.8,
    "f1-score": 0.8,
    "support": 100
  }
}