{
  "0": {
    "precision": 0.84375,
    "recall": 0.75,
    "f1-score": 0.7941176470588235,
    "support": 36
  },
  "1": {
    "precision": 0.8676470588235294,
    "recall": 0.921875,
    "f1-score": 0.893939393939394,
    "support": 64
  },
  "accuracy": 0.86,
  "macro avg": {
    "precision": 0.8556985294117647,
    "recall": 0.8359375,
    "f1-score": 0.8440285204991087,
    "support": 100
  },
  "weighted avg": {
    "precision": 0.8590441176470588,
    "recall": 0.86,
    "f1-score": 0.8580035650623887,
    "support": 100
  }
}