{
  "0": {
    "precision": 0.7209302325581395,
    "recall": 0.8611111111111112,
    "f1-score": 0.7848101265822784,
    "support": 36
  },
  "1": {
    "precision": 0.9122807017543859,
    "recall": 0.8125,
    "f1-score": 0.859504132231405,
    "support": 64
  },
  "accuracy": 0.83,
  "macro avg": {
    "precision": 0.8166054671562627,
    "recall": 0.8368055555555556,
    "f1-score": 0.8221571294068417,
    "support": 100
  },
  "weighted avg": {
    "precision": 0.8433945328437372,
    "recall": 0.83,
    "f1-score": 0.8326142901977194,
    "support": 100
  }
}