{
  "0": {
    "precision": 0.2,
    "recall": 0.5333333333333333,
    "f1-score": 0.2909090909090909,
    "support": 15
  },
  "1": {
    "precision": 0.0,
    "recall": 0.0,
    "f1-score": 0.0,
    "support": 30
  },
  "2": {
    "precision": 0.32,
    "recall": 0.5333333333333333,
    "f1-score": 0.4,
    "support": 15
  },
  "3": {
    "precision": 0.2222222222222222,
    "recall": 0.14285714285714285,
    "f1-score": 0.17391304347826086,
    "support": 14
  },
  "accuracy": 0.24324324324324326,
  "macro avg": {
    "precision": 0.18555555555555556,
    "recall": 0.30238095238095236,
    "f1-score": 0.21620553359683795,
    "support": 74
  },
  "weighted avg": {
    "precision": 0.14744744744744745,
    "recall": 0.24324324324324326,
    "f1-score": 0.17295160773421642,
    "support": 74
  }
}