{
  "0": {
    "precision": 0.0,
    "recall": 0.0,
    "f1-score": 0.0,
    "support": 15
  },
  "1": {
    "precision": 0.5833333333333334,
    "recall": 0.4666666666666667,
    "f1-score": 0.5185185185185186,
    "support": 30
  },
  "2": {
    "precision": 0.3333333333333333,
    "recall": 0.3333333333333333,
    "f1-score": 0.3333333333333333,
    "support": 15
  },
  "3": {
    "precision": 0.23333333333333334,
    "recall": 0.5,
    "f1-score": 0.3181818181818182,
    "support": 14
  },
  "accuracy": 0.35135135135135137,
  "macro avg": {
    "precision": 0.28750000000000003,
    "recall": 0.325,
    "f1-score": 0.2925084175084175,
    "support": 74
  },
  "weighted avg": {
    "precision": 0.3481981981981982,
    "recall": 0.35135135135135137,
    "f1-score": 0.33797433797433796,
    "support": 74
  }
}