{
  "0": {
    "precision": 0.7380952380952381,
    "recall": 0.8611111111111112,
    "f1-score": 0.7948717948717949,
    "support": 36
  },
  "1": {
    "precision": 0.9137931034482759,
    "recall": 0.828125,
    "f1-score": 0.8688524590163935,
    "support": 64
  },
  "accuracy": 0.84,
  "macro avg": {
    "precision": 0.825944170771757,
    "recall": 0.8446180555555556,
    "f1-score": 0.8318621269440942,
    "support": 100
  },
  "weighted avg": {
    "precision": 0.8505418719211824,
    "recall": 0.84,
    "f1-score": 0.842219419924338,
    "support": 100
  }
}