{
  "0": {
    "precision": 0.0,
    "recall": 0.0,
    "f1-score": 0.0,
    "support": 15
  },
  "1": {
    "precision": 0.5,
    "recall": 0.03333333333333333,
    "f1-score": 0.0625,
    "support": 30
  },
  "2": {
    "precision": 0.19718309859154928,
    "recall": 0.9333333333333333,
    "f1-score": 0.3255813953488372,
    "support": 15
  },
  "3": {
    "precision": 0.0,
    "recall": 0.0,
    "f1-score": 0.0,
    "support": 14
  },
  "accuracy": 0.20270270270270271,
  "macro avg": {
    "precision": 0.1742957746478873,
    "recall": 0.24166666666666667,
    "f1-score": 0.0970203488372093,
    "support": 74
  },
  "weighted avg": {
    "precision": 0.24267224971450324,
    "recall": 0.20270270270270271,
    "f1-score": 0.0913340666247643,
    "support": 74
  }
}