{
  "0": {
    "precision": 0.4,
    "recall": 0.13333333333333333,
    "f1-score": 0.2,
    "support": 15
  },
  "1": {
    "precision": 0.6206896551724138,
    "recall": 0.6,
    "f1-score": 0.6101694915254238,
    "support": 30
  },
  "2": {
    "precision": 0.3684210526315789,
    "recall": 0.4666666666666667,
    "f1-score": 0.4117647058823529,
    "support": 15
  },
  "3": {
    "precision": 0.2857142857142857,
    "recall": 0.42857142857142855,
    "f1-score": 0.34285714285714286,
    "support": 14
  },
  "accuracy": 0.44594594594594594,
  "macro avg": {
    "precision": 0.4187062483795696,
    "recall": 0.40714285714285714,
    "f1-score": 0.39119783506622996,
    "support": 74
  },
  "weighted avg": {
    "precision": 0.46144601952224457,
    "recall": 0.44594594594594594,
    "f1-score": 0.4362372342432163,
    "support": 74
  }
}