{
  "0": {
    "precision": 0.6481481481481481,
    "recall": 0.9722222222222222,
    "f1-score": 0.7777777777777778,
    "support": 36
  },
  "1": {
    "precision": 0.9782608695652174,
    "recall": 0.703125,
    "f1-score": 0.8181818181818182,
    "support": 64
  },
  "accuracy": 0.8,
  "macro avg": {
    "precision": 0.8132045088566828,
    "recall": 0.8376736111111112,
    "f1-score": 0.797979797979798,
    "support": 100
  },
  "weighted avg": {
    "precision": 0.8594202898550725,
    "recall": 0.8,
    "f1-score": 0.8036363636363637,
    "support": 100
  }
}