{
  "0": {
    "precision": 0.2727272727272727,
    "recall": 0.2,
    "f1-score": 0.23076923076923075,
    "support": 15
  },
  "1": {
    "precision": 0.6363636363636364,
    "recall": 0.4666666666666667,
    "f1-score": 0.5384615384615385,
    "support": 30
  },
  "2": {
    "precision": 0.25,
    "recall": 0.3333333333333333,
    "f1-score": 0.28571428571428575,
    "support": 15
  },
  "3": {
    "precision": 0.19047619047619047,
    "recall": 0.2857142857142857,
    "f1-score": 0.22857142857142854,
    "support": 14
  },
  "accuracy": 0.35135135135135137,
  "macro avg": {
    "precision": 0.3373917748917749,
    "recall": 0.3214285714285714,
    "f1-score": 0.32087912087912085,
    "support": 74
  },
  "weighted avg": {
    "precision": 0.399979524979525,
    "recall": 0.35135135135135137,
    "f1-score": 0.36623106623106627,
    "support": 74
  }
}