{
  "0": {
    "precision": 0.6176470588235294,
    "recall": 0.5833333333333334,
    "f1-score": 0.6,
    "support": 36
  },
  "1": {
    "precision": 0.7727272727272727,
    "recall": 0.796875,
    "f1-score": 0.7846153846153846,
    "support": 64
  },
  "accuracy": 0.72,
  "macro avg": {
    "precision": 0.6951871657754011,
    "recall": 0.6901041666666667,
    "f1-score": 0.6923076923076923,
    "support": 100
  },
  "weighted avg": {
    "precision": 0.7168983957219252,
    "recall": 0.72,
    "f1-score": 0.7181538461538461,
    "support": 100
  }
}