{
  "0": {
    "precision": 0.25,
    "recall": 0.06666666666666667,
    "f1-score": 0.10526315789473685,
    "support": 15
  },
  "1": {
    "precision": 0.5161290322580645,
    "recall": 0.5333333333333333,
    "f1-score": 0.5245901639344263,
    "support": 30
  },
  "2": {
    "precision": 0.2,
    "recall": 0.2,
    "f1-score": 0.20000000000000004,
    "support": 15
  },
  "3": {
    "precision": 0.25,
    "recall": 0.42857142857142855,
    "f1-score": 0.3157894736842105,
    "support": 14
  },
  "accuracy": 0.35135135135135137,
  "macro avg": {
    "precision": 0.3040322580645161,
    "recall": 0.30714285714285716,
    "f1-score": 0.2864106988783434,
    "support": 74
  },
  "weighted avg": {
    "precision": 0.3477550130775937,
    "recall": 0.35135135135135137,
    "f1-score": 0.3342933097031458,
    "support": 74
  }
}