{
  "0": {
    "precision": 0.9354838709677419,
    "recall": 0.8055555555555556,
    "f1-score": 0.8656716417910448,
    "support": 36
  },
  "1": {
    "precision": 0.8985507246376812,
    "recall": 0.96875,
    "f1-score": 0.9323308270676692,
    "support": 64
  },
  "accuracy": 0.91,
  "macro avg": {
    "precision": 0.9170172978027116,
    "recall": 0.8871527777777778,
    "f1-score": 0.899001234429357,
    "support": 100
  },
  "weighted avg": {
    "precision": 0.9118466573165029,
    "recall": 0.91,
    "f1-score": 0.9083335203680845,
    "support": 100
  }
}