{
  "0": {
    "precision": 0.12903225806451613,
    "recall": 0.3333333333333333,
    "f1-score": 0.18604651162790697,
    "support": 36
  },
  "1": {
    "precision": 0.037037037037037035,
    "recall": 0.8461538461538461,
    "f1-score": 0.07096774193548386,
    "support": 26
  },
  "2": {
    "precision": 0.0,
    "recall": 0.0,
    "f1-score": 0.0,
    "support": 25
  },
  "3": {
    "precision": 0.08823529411764706,
    "recall": 0.16216216216216217,
    "f1-score": 0.1142857142857143,
    "support": 37
  },
  "4": {
    "precision": 0.0,
    "recall": 0.0,
    "f1-score": 0.0,
    "support": 40
  },
  "5": {
    "precision": 0.0,
    "recall": 0.0,
    "f1-score": 0.0,
    "support": 35
  },
  "6": {
    "precision": 0.0,
    "recall": 0.0,
    "f1-score": 0.0,
    "support": 29
  },
  "7": {
    "precision": 0.0,
    "recall": 0.0,
    "f1-score": 0.0,
    "support": 33
  },
  "8": {
    "precision": 0.0,
    "recall": 0.0,
    "f1-score": 0.0,
    "support": 32
  },
  "9": {
    "precision": 0.0,
    "recall": 0.0,
    "f1-score": 0.0,
    "support": 31
  },
  "10": {
    "precision": 0.0,
    "recall": 0.0,
    "f1-score": 0.0,
    "support": 33
  },
  "11": {
    "precision": 0.25,
    "recall": 0.029411764705882353,
    "f1-score": 0.05263157894736842,
    "support": 34
  },
  "12": {
    "precision": 0.0,
    "recall": 0.0,
    "f1-score": 0.0,
    "support": 31
  },
  "13": {
    "precision": 0.0,
    "recall": 0.0,
    "f1-score": 0.0,
    "support": 34
  },
  "14": {
    "precision": 0.0,
    "recall": 0.0,
    "f1-score": 0.0,
    "support": 43
  },
  "15": {
    "precision": 0.0,
    "recall": 0.0,
    "f1-score": 0.0,
    "support": 32
  },
  "16": {
    "precision": 0.0,
    "recall": 0.0,
    "f1-score": 0.0,
    "support": 37
  },
  "17": {
    "precision": 0.0,
    "recall": 0.0,
    "f1-score": 0.0,
    "support": 26
  },
  "18": {
    "precision": 1.0,
    "recall": 0.125,
    "f1-score": 0.2222222222222222,
    "support": 32
  },
  "19": {
    "precision": 0.25,
    "recall": 0.10344827586206896,
    "f1-score": 0.14634146341463414,
    "support": 29
  },
  "20": {
    "precision": 0.0,
    "recall": 0.0,
    "f1-score": 0.0,
    "support": 43
  },
  "21": {
    "precision": 0.0,
    "recall": 0.0,
    "f1-score": 0.0,
    "support": 34
  },
  "22": {
    "precision": 0.0,
    "recall": 0.0,
    "f1-score": 0.0,
    "support": 30
  },
  "23": {
    "precision": 0.0,
    "recall": 0.0,
    "f1-score": 0.0,
    "support": 29
  },
  "24": {
    "precision": 0.0,
    "recall": 0.0,
    "f1-score": 0.0,
    "support": 32
  },
  "25": {
    "precision": 0.06666666666666667,
    "recall": 0.18518518518518517,
    "f1-score": 0.09803921568627451,
    "support": 27
  },
  "accuracy": 0.06235294117647059,
  "macro avg": {
    "precision": 0.07003735599561027,
    "recall": 0.06864209874624916,
    "f1-score": 0.03425132492767709,
    "support": 850
  },
  "weighted avg": {
    "precision": 0.06873274133604527,
    "recall": 0.06235294117647059,
    "f1-score": 0.03360347434749894,
    "support": 850
  }
}