{
  "0": {
    "precision": 0.0,
    "recall": 0.0,
    "f1-score": 0.0,
    "support": 15
  },
  "1": {
    "precision": 0.6190476190476191,
    "recall": 0.43333333333333335,
    "f1-score": 0.5098039215686274,
    "support": 30
  },
  "2": {
    "precision": 0.35,
    "recall": 0.4666666666666667,
    "f1-score": 0.4,
    "support": 15
  },
  "3": {
    "precision": 0.18518518518518517,
    "recall": 0.35714285714285715,
    "f1-score": 0.24390243902439024,
    "support": 14
  },
  "accuracy": 0.33783783783783783,
  "macro avg": {
    "precision": 0.28855820105820107,
    "recall": 0.3142857142857143,
    "f1-score": 0.28842659014825445,
    "support": 74
  },
  "weighted avg": {
    "precision": 0.35694623194623193,
    "recall": 0.33783783783783783,
    "f1-score": 0.33390205126216604,
    "support": 74
  }
}