{
  "0": {
    "precision": 0.96484375,
    "recall": 0.9629629629629629,
    "f1-score": 0.9639024390243903,
    "support": 513
  },
  "1": {
    "precision": 0.9632495164410058,
    "recall": 0.9651162790697675,
    "f1-score": 0.9641819941916747,
    "support": 516
  },
  "accuracy": 0.9640427599611273,
  "macro avg": {
    "precision": 0.9640466332205029,
    "recall": 0.9640396210163652,
    "f1-score": 0.9640422166080325,
    "support": 1029
  },
  "weighted avg": {
    "precision": 0.9640443092648775,
    "recall": 0.9640427599611273,
    "f1-score": 0.9640426241228536,
    "support": 1029
  }
}