{
  "0": {
    "precision": 0.35714285714285715,
    "recall": 0.3333333333333333,
    "f1-score": 0.3448275862068965,
    "support": 15
  },
  "1": {
    "precision": 0.631578947368421,
    "recall": 0.4,
    "f1-score": 0.4897959183673469,
    "support": 30
  },
  "2": {
    "precision": 0.09523809523809523,
    "recall": 0.13333333333333333,
    "f1-score": 0.1111111111111111,
    "support": 15
  },
  "3": {
    "precision": 0.25,
    "recall": 0.35714285714285715,
    "f1-score": 0.2941176470588235,
    "support": 14
  },
  "accuracy": 0.32432432432432434,
  "macro avg": {
    "precision": 0.33348997493734334,
    "recall": 0.305952380952381,
    "f1-score": 0.3099630656860445,
    "support": 74
  },
  "weighted avg": {
    "precision": 0.3950416581995529,
    "recall": 0.32432432432432434,
    "f1-score": 0.34662979823802775,
    "support": 74
  }
}