{
  "0": {
    "precision": 0.25,
    "recall": 0.06666666666666667,
    "f1-score": 0.10526315789473685,
    "support": 15
  },
  "1": {
    "precision": 0.5333333333333333,
    "recall": 0.5333333333333333,
    "f1-score": 0.5333333333333333,
    "support": 30
  },
  "2": {
    "precision": 0.3333333333333333,
    "recall": 0.4,
    "f1-score": 0.3636363636363636,
    "support": 15
  },
  "3": {
    "precision": 0.3181818181818182,
    "recall": 0.5,
    "f1-score": 0.3888888888888889,
    "support": 14
  },
  "accuracy": 0.40540540540540543,
  "macro avg": {
    "precision": 0.3587121212121212,
    "recall": 0.375,
    "f1-score": 0.34778043593833063,
    "support": 74
  },
  "weighted avg": {
    "precision": 0.39465601965601965,
    "recall": 0.40540540540540543,
    "f1-score": 0.384836990100148,
    "support": 74
  }
}