{
  "0": {
    "precision": 1.0,
    "recall": 0.13333333333333333,
    "f1-score": 0.23529411764705882,
    "support": 15
  },
  "1": {
    "precision": 0.375,
    "recall": 0.2,
    "f1-score": 0.26086956521739135,
    "support": 30
  },
  "2": {
    "precision": 0.23076923076923078,
    "recall": 0.4,
    "f1-score": 0.29268292682926833,
    "support": 15
  },
  "3": {
    "precision": 0.16666666666666666,
    "recall": 0.35714285714285715,
    "f1-score": 0.22727272727272724,
    "support": 14
  },
  "accuracy": 0.25675675675675674,
  "macro avg": {
    "precision": 0.4431089743589744,
    "recall": 0.27261904761904765,
    "f1-score": 0.25402983424161146,
    "support": 74
  },
  "weighted avg": {
    "precision": 0.43303880803880807,
    "recall": 0.25675675675675674,
    "f1-score": 0.25577784872276793,
    "support": 74
  }
}