{
  "0": {
    "precision": 0.75,
    "recall": 0.3333333333333333,
    "f1-score": 0.46153846153846156,
    "support": 36
  },
  "1": {
    "precision": 0.7142857142857143,
    "recall": 0.9375,
    "f1-score": 0.8108108108108109,
    "support": 64
  },
  "accuracy": 0.72,
  "macro avg": {
    "precision": 0.7321428571428572,
    "recall": 0.6354166666666666,
    "f1-score": 0.6361746361746362,
    "support": 100
  },
  "weighted avg": {
    "precision": 0.7271428571428572,
    "recall": 0.72,
    "f1-score": 0.6850727650727652,
    "support": 100
  }
}