{
  "0": {
    "precision": 0.4,
    "recall": 0.26666666666666666,
    "f1-score": 0.32,
    "support": 15
  },
  "1": {
    "precision": 0.6842105263157895,
    "recall": 0.43333333333333335,
    "f1-score": 0.5306122448979592,
    "support": 30
  },
  "2": {
    "precision": 0.42857142857142855,
    "recall": 0.4,
    "f1-score": 0.4137931034482759,
    "support": 15
  },
  "3": {
    "precision": 0.2903225806451613,
    "recall": 0.6428571428571429,
    "f1-score": 0.4,
    "support": 14
  },
  "accuracy": 0.43243243243243246,
  "macro avg": {
    "precision": 0.45077613388309484,
    "recall": 0.4357142857142857,
    "f1-score": 0.4161013370865587,
    "support": 74
  },
  "weighted avg": {
    "precision": 0.5002622073929375,
    "recall": 0.43243243243243246,
    "f1-score": 0.4395305932251745,
    "support": 74
  }
}