{
  "0": {
    "precision": 0.25,
    "recall": 0.13333333333333333,
    "f1-score": 0.1739130434782609,
    "support": 15
  },
  "1": {
    "precision": 0.6923076923076923,
    "recall": 0.6,
    "f1-score": 0.6428571428571429,
    "support": 30
  },
  "2": {
    "precision": 0.2727272727272727,
    "recall": 0.2,
    "f1-score": 0.23076923076923075,
    "support": 15
  },
  "3": {
    "precision": 0.27586206896551724,
    "recall": 0.5714285714285714,
    "f1-score": 0.37209302325581395,
    "support": 14
  },
  "accuracy": 0.4189189189189189,
  "macro avg": {
    "precision": 0.3727242585001206,
    "recall": 0.3761904761904762,
    "f1-score": 0.35490811009011214,
    "support": 74
  },
  "weighted avg": {
    "precision": 0.43881363277915,
    "recall": 0.4189189189189189,
    "f1-score": 0.41304392871632506,
    "support": 74
  }
}