{
  "0": {
    "precision": 0.9685658153241651,
    "recall": 0.9610136452241715,
    "f1-score": 0.9647749510763209,
    "support": 513
  },
  "1": {
    "precision": 0.9615384615384616,
    "recall": 0.9689922480620154,
    "f1-score": 0.9652509652509652,
    "support": 516
  },
  "accuracy": 0.9650145772594753,
  "macro avg": {
    "precision": 0.9650521384313133,
    "recall": 0.9650029466430935,
    "f1-score": 0.9650129581636431,
    "support": 1029
  },
  "weighted avg": {
    "precision": 0.9650418944753575,
    "recall": 0.9650145772594753,
    "f1-score": 0.9650136520618569,
    "support": 1029
  }
}