{
  "0": {
    "precision": 0.5,
    "recall": 0.13333333333333333,
    "f1-score": 0.2105263157894737,
    "support": 15
  },
  "1": {
    "precision": 0.5625,
    "recall": 0.6,
    "f1-score": 0.5806451612903225,
    "support": 30
  },
  "2": {
    "precision": 0.2857142857142857,
    "recall": 0.26666666666666666,
    "f1-score": 0.2758620689655172,
    "support": 15
  },
  "3": {
    "precision": 0.25,
    "recall": 0.42857142857142855,
    "f1-score": 0.3157894736842105,
    "support": 14
  },
  "accuracy": 0.40540540540540543,
  "macro avg": {
    "precision": 0.3995535714285714,
    "recall": 0.35714285714285715,
    "f1-score": 0.345705754932381,
    "support": 74
  },
  "weighted avg": {
    "precision": 0.4346042471042471,
    "recall": 0.40540540540540543,
    "f1-score": 0.3937328816434255,
    "support": 74
  }
}