{
  "0": {
    "precision": 0.18181818181818182,
    "recall": 0.13333333333333333,
    "f1-score": 0.15384615384615383,
    "support": 15
  },
  "1": {
    "precision": 0.5909090909090909,
    "recall": 0.43333333333333335,
    "f1-score": 0.5,
    "support": 30
  },
  "2": {
    "precision": 0.2631578947368421,
    "recall": 0.3333333333333333,
    "f1-score": 0.29411764705882354,
    "support": 15
  },
  "3": {
    "precision": 0.22727272727272727,
    "recall": 0.35714285714285715,
    "f1-score": 0.2777777777777778,
    "support": 14
  },
  "accuracy": 0.33783783783783783,
  "macro avg": {
    "precision": 0.3157894736842105,
    "recall": 0.3142857142857143,
    "f1-score": 0.3064353946706888,
    "support": 74
  },
  "weighted avg": {
    "precision": 0.3727531359110306,
    "recall": 0.33783783783783783,
    "f1-score": 0.3460587284116696,
    "support": 74
  }
}