{
  "0": {
    "precision": 0.5434782608695652,
    "recall": 0.6944444444444444,
    "f1-score": 0.6097560975609756,
    "support": 36
  },
  "1": {
    "precision": 0.7962962962962963,
    "recall": 0.671875,
    "f1-score": 0.728813559322034,
    "support": 64
  },
  "accuracy": 0.68,
  "macro avg": {
    "precision": 0.6698872785829307,
    "recall": 0.6831597222222222,
    "f1-score": 0.6692848284415047,
    "support": 100
  },
  "weighted avg": {
    "precision": 0.7052818035426731,
    "recall": 0.68,
    "f1-score": 0.685952873088053,
    "support": 100
  }
}