{
  "0": {
    "precision": 0.4,
    "recall": 0.13333333333333333,
    "f1-score": 0.2,
    "support": 15
  },
  "1": {
    "precision": 0.6666666666666666,
    "recall": 0.6,
    "f1-score": 0.631578947368421,
    "support": 30
  },
  "2": {
    "precision": 0.3,
    "recall": 0.4,
    "f1-score": 0.34285714285714286,
    "support": 15
  },
  "3": {
    "precision": 0.2727272727272727,
    "recall": 0.42857142857142855,
    "f1-score": 0.33333333333333326,
    "support": 14
  },
  "accuracy": 0.43243243243243246,
  "macro avg": {
    "precision": 0.40984848484848485,
    "recall": 0.3904761904761905,
    "f1-score": 0.3769423558897243,
    "support": 74
  },
  "weighted avg": {
    "precision": 0.4637592137592138,
    "recall": 0.43243243243243246,
    "f1-score": 0.429147192305087,
    "support": 74
  }
}