{
  "0": {
    "precision": 0.7,
    "recall": 0.5833333333333334,
    "f1-score": 0.6363636363636365,
    "support": 36
  },
  "1": {
    "precision": 0.7857142857142857,
    "recall": 0.859375,
    "f1-score": 0.8208955223880597,
    "support": 64
  },
  "accuracy": 0.76,
  "macro avg": {
    "precision": 0.7428571428571429,
    "recall": 0.7213541666666667,
    "f1-score": 0.7286295793758482,
    "support": 100
  },
  "weighted avg": {
    "precision": 0.7548571428571428,
    "recall": 0.76,
    "f1-score": 0.7544640434192673,
    "support": 100
  }
}