{
  "0": {
    "precision": 0.5853658536585366,
    "recall": 0.6666666666666666,
    "f1-score": 0.6233766233766234,
    "support": 36
  },
  "1": {
    "precision": 0.7966101694915254,
    "recall": 0.734375,
    "f1-score": 0.7642276422764227,
    "support": 64
  },
  "accuracy": 0.71,
  "macro avg": {
    "precision": 0.690988011575031,
    "recall": 0.7005208333333333,
    "f1-score": 0.693802132826523,
    "support": 100
  },
  "weighted avg": {
    "precision": 0.7205622157916494,
    "recall": 0.71,
    "f1-score": 0.713521275472495,
    "support": 100
  }
}