{
  "0": {
    "precision": 0.2,
    "recall": 0.13333333333333333,
    "f1-score": 0.16,
    "support": 15
  },
  "1": {
    "precision": 0.42857142857142855,
    "recall": 0.3,
    "f1-score": 0.3529411764705882,
    "support": 30
  },
  "2": {
    "precision": 0.3125,
    "recall": 0.3333333333333333,
    "f1-score": 0.3225806451612903,
    "support": 15
  },
  "3": {
    "precision": 0.2222222222222222,
    "recall": 0.42857142857142855,
    "f1-score": 0.29268292682926833,
    "support": 14
  },
  "accuracy": 0.2972972972972973,
  "macro avg": {
    "precision": 0.2908234126984127,
    "recall": 0.2988095238095238,
    "f1-score": 0.2820511871152867,
    "support": 74
  },
  "weighted avg": {
    "precision": 0.31967235092235086,
    "recall": 0.2972972972972973,
    "f1-score": 0.29627710739387514,
    "support": 74
  }
}