{
  "0": {
    "precision": 0.3333333333333333,
    "recall": 0.13333333333333333,
    "f1-score": 0.19047619047619044,
    "support": 15
  },
  "1": {
    "precision": 0.6086956521739131,
    "recall": 0.4666666666666667,
    "f1-score": 0.5283018867924527,
    "support": 30
  },
  "2": {
    "precision": 0.36363636363636365,
    "recall": 0.26666666666666666,
    "f1-score": 0.30769230769230765,
    "support": 15
  },
  "3": {
    "precision": 0.23529411764705882,
    "recall": 0.5714285714285714,
    "f1-score": 0.3333333333333333,
    "support": 14
  },
  "accuracy": 0.3783783783783784,
  "macro avg": {
    "precision": 0.3852398666976672,
    "recall": 0.3595238095238095,
    "f1-score": 0.33995092957357104,
    "support": 74
  },
  "weighted avg": {
    "precision": 0.4325612522543469,
    "recall": 0.3783783783783784,
    "f1-score": 0.37821960463469884,
    "support": 74
  }
}