{
  "0": {
    "precision": 0.9740518962075848,
    "recall": 0.9512670565302144,
    "f1-score": 0.9625246548323472,
    "support": 513
  },
  "1": {
    "precision": 0.9526515151515151,
    "recall": 0.9748062015503876,
    "f1-score": 0.9636015325670498,
    "support": 516
  },
  "accuracy": 0.9630709426627794,
  "macro avg": {
    "precision": 0.96335170567955,
    "recall": 0.963036629040301,
    "f1-score": 0.9630630936996984,
    "support": 1029
  },
  "weighted avg": {
    "precision": 0.9633205097887977,
    "recall": 0.9630709426627794,
    "f1-score": 0.9630646634923147,
    "support": 1029
  }
}