{
  "0": {
    "precision": 0.6571428571428571,
    "recall": 0.6388888888888888,
    "f1-score": 0.647887323943662,
    "support": 36
  },
  "1": {
    "precision": 0.8,
    "recall": 0.8125,
    "f1-score": 0.8062015503875969,
    "support": 64
  },
  "accuracy": 0.75,
  "macro avg": {
    "precision": 0.7285714285714286,
    "recall": 0.7256944444444444,
    "f1-score": 0.7270444371656295,
    "support": 100
  },
  "weighted avg": {
    "precision": 0.7485714285714287,
    "recall": 0.75,
    "f1-score": 0.7492084288677803,
    "support": 100
  }
}