{
  "0": {
    "precision": 0.9723320158102767,
    "recall": 0.9590643274853801,
    "f1-score": 0.9656526005888126,
    "support": 513
  },
  "1": {
    "precision": 0.9598470363288719,
    "recall": 0.9728682170542635,
    "f1-score": 0.9663137632338787,
    "support": 516
  },
  "accuracy": 0.9659863945578231,
  "macro avg": {
    "precision": 0.9660895260695743,
    "recall": 0.9659662722698218,
    "f1-score": 0.9659831819113457,
    "support": 1029
  },
  "weighted avg": {
    "precision": 0.96607132639103,
    "recall": 0.9659863945578231,
    "f1-score": 0.965984145705289,
    "support": 1029
  }
}