{
  "0": {
    "precision": 0.9742063492063492,
    "recall": 0.9571150097465887,
    "f1-score": 0.9655850540806292,
    "support": 513
  },
  "1": {
    "precision": 0.9580952380952381,
    "recall": 0.9748062015503876,
    "f1-score": 0.9663784822286263,
    "support": 516
  },
  "accuracy": 0.9659863945578231,
  "macro avg": {
    "precision": 0.9661507936507936,
    "recall": 0.9659606056484882,
    "f1-score": 0.9659817681546278,
    "support": 1029
  },
  "weighted avg": {
    "precision": 0.9661273080660836,
    "recall": 0.9659863945578231,
    "f1-score": 0.9659829247554266,
    "support": 1029
  }
}