{
  "0": {
    "precision": 1.0,
    "recall": 0.08333333333333333,
    "f1-score": 0.15384615384615385,
    "support": 36
  },
  "1": {
    "precision": 0.6597938144329897,
    "recall": 1.0,
    "f1-score": 0.7950310559006212,
    "support": 64
  },
  "accuracy": 0.67,
  "macro avg": {
    "precision": 0.8298969072164948,
    "recall": 0.5416666666666666,
    "f1-score": 0.4744386048733875,
    "support": 100
  },
  "weighted avg": {
    "precision": 0.7822680412371134,
    "recall": 0.67,
    "f1-score": 0.5642044911610129,
    "support": 100
  }
}