{
  "0": {
    "precision": 0.3333333333333333,
    "recall": 0.26666666666666666,
    "f1-score": 0.2962962962962963,
    "support": 15
  },
  "1": {
    "precision": 0.55,
    "recall": 0.36666666666666664,
    "f1-score": 0.43999999999999995,
    "support": 30
  },
  "2": {
    "precision": 0.29411764705882354,
    "recall": 0.3333333333333333,
    "f1-score": 0.3125,
    "support": 15
  },
  "3": {
    "precision": 0.24,
    "recall": 0.42857142857142855,
    "f1-score": 0.30769230769230765,
    "support": 14
  },
  "accuracy": 0.35135135135135137,
  "macro avg": {
    "precision": 0.3543627450980392,
    "recall": 0.3488095238095238,
    "f1-score": 0.339122150997151,
    "support": 74
  },
  "weighted avg": {
    "precision": 0.3955643879173291,
    "recall": 0.35135135135135137,
    "f1-score": 0.35999509124509127,
    "support": 74
  }
}