{
  "0": {
    "precision": 0.978,
    "recall": 0.9532163742690059,
    "f1-score": 0.9654491609081934,
    "support": 513
  },
  "1": {
    "precision": 0.9546313799621928,
    "recall": 0.9786821705426356,
    "f1-score": 0.9665071770334928,
    "support": 516
  },
  "accuracy": 0.9659863945578231,
  "macro avg": {
    "precision": 0.9663156899810964,
    "recall": 0.9659492724058207,
    "f1-score": 0.9659781689708431,
    "support": 1029
  },
  "weighted avg": {
    "precision": 0.9662816249373096,
    "recall": 0.9659863945578231,
    "f1-score": 0.9659797112684019,
    "support": 1029
  }
}