{
  "0": {
    "precision": 0.25,
    "recall": 0.13333333333333333,
    "f1-score": 0.1739130434782609,
    "support": 15
  },
  "1": {
    "precision": 0.5185185185185185,
    "recall": 0.4666666666666667,
    "f1-score": 0.4912280701754386,
    "support": 30
  },
  "2": {
    "precision": 0.18181818181818182,
    "recall": 0.13333333333333333,
    "f1-score": 0.15384615384615383,
    "support": 15
  },
  "3": {
    "precision": 0.25,
    "recall": 0.5,
    "f1-score": 0.3333333333333333,
    "support": 14
  },
  "accuracy": 0.33783783783783783,
  "macro avg": {
    "precision": 0.30008417508417506,
    "recall": 0.30833333333333335,
    "f1-score": 0.2880801502082967,
    "support": 74
  },
  "weighted avg": {
    "precision": 0.34503822003822004,
    "recall": 0.33783783783783783,
    "f1-score": 0.32864725313237897,
    "support": 74
  }
}