{
  "0": {
    "precision": 0.2,
    "recall": 0.2,
    "f1-score": 0.20000000000000004,
    "support": 15
  },
  "1": {
    "precision": 0.5454545454545454,
    "recall": 0.2,
    "f1-score": 0.29268292682926833,
    "support": 30
  },
  "2": {
    "precision": 0.22727272727272727,
    "recall": 0.3333333333333333,
    "f1-score": 0.27027027027027023,
    "support": 15
  },
  "3": {
    "precision": 0.23076923076923078,
    "recall": 0.42857142857142855,
    "f1-score": 0.3,
    "support": 14
  },
  "accuracy": 0.2702702702702703,
  "macro avg": {
    "precision": 0.3008741258741259,
    "recall": 0.2904761904761905,
    "f1-score": 0.2657382992748847,
    "support": 74
  },
  "weighted avg": {
    "precision": 0.3513986013986014,
    "recall": 0.2702702702702703,
    "f1-score": 0.2707370521477311,
    "support": 74
  }
}