{
  "0": {
    "precision": 0.0,
    "recall": 0.0,
    "f1-score": 0.0,
    "support": 15
  },
  "1": {
    "precision": 0.6521739130434783,
    "recall": 0.5,
    "f1-score": 0.5660377358490566,
    "support": 30
  },
  "2": {
    "precision": 0.3333333333333333,
    "recall": 0.4,
    "f1-score": 0.3636363636363636,
    "support": 15
  },
  "3": {
    "precision": 0.27586206896551724,
    "recall": 0.5714285714285714,
    "f1-score": 0.37209302325581395,
    "support": 14
  },
  "accuracy": 0.3918918918918919,
  "macro avg": {
    "precision": 0.3153423288355822,
    "recall": 0.3678571428571429,
    "f1-score": 0.32544178068530855,
    "support": 74
  },
  "weighted avg": {
    "precision": 0.3841525183354269,
    "recall": 0.3918918918918919,
    "f1-score": 0.37358080885943984,
    "support": 74
  }
}