{
  "0": {
    "precision": 0.9776876267748479,
    "recall": 0.9395711500974658,
    "f1-score": 0.9582504970178927,
    "support": 513
  },
  "1": {
    "precision": 0.9421641791044776,
    "recall": 0.9786821705426356,
    "f1-score": 0.9600760456273764,
    "support": 516
  },
  "accuracy": 0.9591836734693877,
  "macro avg": {
    "precision": 0.9599259029396627,
    "recall": 0.9591266603200508,
    "f1-score": 0.9591632713226346,
    "support": 1029
  },
  "weighted avg": {
    "precision": 0.9598741194882482,
    "recall": 0.9591836734693877,
    "f1-score": 0.959165932472211,
    "support": 1029
  }
}