{
  "0": {
    "precision": 0.9375,
    "recall": 0.8333333333333334,
    "f1-score": 0.8823529411764706,
    "support": 36
  },
  "1": {
    "precision": 0.9117647058823529,
    "recall": 0.96875,
    "f1-score": 0.9393939393939394,
    "support": 64
  },
  "accuracy": 0.92,
  "macro avg": {
    "precision": 0.9246323529411764,
    "recall": 0.9010416666666667,
    "f1-score": 0.910873440285205,
    "support": 100
  },
  "weighted avg": {
    "precision": 0.9210294117647058,
    "recall": 0.92,
    "f1-score": 0.9188591800356507,
    "support": 100
  }
}