{
  "0": {
    "precision": 0.25,
    "recall": 0.13333333333333333,
    "f1-score": 0.1739130434782609,
    "support": 15
  },
  "1": {
    "precision": 0.5555555555555556,
    "recall": 0.3333333333333333,
    "f1-score": 0.4166666666666667,
    "support": 30
  },
  "2": {
    "precision": 0.375,
    "recall": 0.4,
    "f1-score": 0.38709677419354843,
    "support": 15
  },
  "3": {
    "precision": 0.1875,
    "recall": 0.42857142857142855,
    "f1-score": 0.26086956521739124,
    "support": 14
  },
  "accuracy": 0.32432432432432434,
  "macro avg": {
    "precision": 0.3420138888888889,
    "recall": 0.3238095238095238,
    "f1-score": 0.30963651238896683,
    "support": 74
  },
  "weighted avg": {
    "precision": 0.3873873873873874,
    "recall": 0.32432432432432434,
    "f1-score": 0.3319908267313597,
    "support": 74
  }
}