{
  "0": {
    "precision": 0.4305555555555556,
    "recall": 0.8611111111111112,
    "f1-score": 0.5740740740740742,
    "support": 36
  },
  "1": {
    "precision": 0.8214285714285714,
    "recall": 0.359375,
    "f1-score": 0.5,
    "support": 64
  },
  "accuracy": 0.54,
  "macro avg": {
    "precision": 0.6259920634920635,
    "recall": 0.6102430555555556,
    "f1-score": 0.5370370370370371,
    "support": 100
  },
  "weighted avg": {
    "precision": 0.6807142857142857,
    "recall": 0.54,
    "f1-score": 0.5266666666666667,
    "support": 100
  }
}