{
  "0": {
    "precision": 0.17647058823529413,
    "recall": 0.2,
    "f1-score": 0.18750000000000003,
    "support": 15
  },
  "1": {
    "precision": 0.5714285714285714,
    "recall": 0.26666666666666666,
    "f1-score": 0.36363636363636365,
    "support": 30
  },
  "2": {
    "precision": 0.23809523809523808,
    "recall": 0.3333333333333333,
    "f1-score": 0.2777777777777778,
    "support": 15
  },
  "3": {
    "precision": 0.13636363636363635,
    "recall": 0.21428571428571427,
    "f1-score": 0.16666666666666663,
    "support": 14
  },
  "accuracy": 0.25675675675675674,
  "macro avg": {
    "precision": 0.280589508530685,
    "recall": 0.25357142857142856,
    "f1-score": 0.24889520202020202,
    "support": 74
  },
  "weighted avg": {
    "precision": 0.34149237090413564,
    "recall": 0.25675675675675674,
    "f1-score": 0.27326474201474205,
    "support": 74
  }
}