{
  "0": {
    "precision": 0.64,
    "recall": 0.4444444444444444,
    "f1-score": 0.5245901639344263,
    "support": 36
  },
  "1": {
    "precision": 0.7333333333333333,
    "recall": 0.859375,
    "f1-score": 0.79136690647482,
    "support": 64
  },
  "accuracy": 0.71,
  "macro avg": {
    "precision": 0.6866666666666666,
    "recall": 0.6519097222222222,
    "f1-score": 0.6579785352046231,
    "support": 100
  },
  "weighted avg": {
    "precision": 0.6997333333333333,
    "recall": 0.71,
    "f1-score": 0.6953272791602783,
    "support": 100
  }
}