{
  "0": {
    "precision": 0.9893238434163701,
    "recall": 0.5419103313840156,
    "f1-score": 0.7002518891687658,
    "support": 513.0
  },
  "1": {
    "precision": 0.6858288770053476,
    "recall": 0.9941860465116279,
    "f1-score": 0.8117088607594937,
    "support": 516.0
  },
  "accuracy": 0.7687074829931972,
  "macro avg": {
    "precision": 0.8375763602108588,
    "recall": 0.7680481889478217,
    "f1-score": 0.7559803749641297,
    "support": 1029.0
  },
  "weighted avg": {
    "precision": 0.8371339477233792,
    "recall": 0.7687074829931972,
    "f1-score": 0.7561428486836497,
    "support": 1029.0
  }
}