{
  "0": {
    "precision": 0.5714285714285714,
    "recall": 0.6666666666666666,
    "f1-score": 0.6153846153846153,
    "support": 36
  },
  "1": {
    "precision": 0.7931034482758621,
    "recall": 0.71875,
    "f1-score": 0.7540983606557378,
    "support": 64
  },
  "accuracy": 0.7,
  "macro avg": {
    "precision": 0.6822660098522167,
    "recall": 0.6927083333333333,
    "f1-score": 0.6847414880201765,
    "support": 100
  },
  "weighted avg": {
    "precision": 0.7133004926108374,
    "recall": 0.7,
    "f1-score": 0.7041614123581337,
    "support": 100
  }
}