{
  "0": {
    "precision": 0.16666666666666666,
    "recall": 0.06666666666666667,
    "f1-score": 0.09523809523809522,
    "support": 15
  },
  "1": {
    "precision": 0.5,
    "recall": 0.5,
    "f1-score": 0.5,
    "support": 30
  },
  "2": {
    "precision": 0.16666666666666666,
    "recall": 0.13333333333333333,
    "f1-score": 0.14814814814814814,
    "support": 15
  },
  "3": {
    "precision": 0.2692307692307692,
    "recall": 0.5,
    "f1-score": 0.35000000000000003,
    "support": 14
  },
  "accuracy": 0.33783783783783783,
  "macro avg": {
    "precision": 0.2756410256410256,
    "recall": 0.3,
    "f1-score": 0.27334656084656084,
    "support": 74
  },
  "weighted avg": {
    "precision": 0.3212058212058212,
    "recall": 0.33783783783783783,
    "f1-score": 0.31825396825396823,
    "support": 74
  }
}