{
  "0": {
    "precision": 0.8666666666666667,
    "recall": 0.7222222222222222,
    "f1-score": 0.7878787878787877,
    "support": 36
  },
  "1": {
    "precision": 0.8571428571428571,
    "recall": 0.9375,
    "f1-score": 0.8955223880597014,
    "support": 64
  },
  "accuracy": 0.86,
  "macro avg": {
    "precision": 0.861904761904762,
    "recall": 0.8298611111111112,
    "f1-score": 0.8417005879692445,
    "support": 100
  },
  "weighted avg": {
    "precision": 0.8605714285714285,
    "recall": 0.86,
    "f1-score": 0.8567706919945725,
    "support": 100
  }
}