{
  "0": {
    "precision": 0.5,
    "recall": 0.2,
    "f1-score": 0.28571428571428575,
    "support": 15
  },
  "1": {
    "precision": 0.5769230769230769,
    "recall": 0.5,
    "f1-score": 0.5357142857142857,
    "support": 30
  },
  "2": {
    "precision": 0.3333333333333333,
    "recall": 0.26666666666666666,
    "f1-score": 0.2962962962962963,
    "support": 15
  },
  "3": {
    "precision": 0.3,
    "recall": 0.6428571428571429,
    "f1-score": 0.4090909090909091,
    "support": 14
  },
  "accuracy": 0.4189189189189189,
  "macro avg": {
    "precision": 0.42756410256410254,
    "recall": 0.4023809523809524,
    "f1-score": 0.3817039442039442,
    "support": 74
  },
  "weighted avg": {
    "precision": 0.4595634095634096,
    "recall": 0.4189189189189189,
    "f1-score": 0.4125521625521625,
    "support": 74
  }
}