{
  "0": {
    "precision": 0.5777777777777777,
    "recall": 0.7222222222222222,
    "f1-score": 0.6419753086419753,
    "support": 36
  },
  "1": {
    "precision": 0.8181818181818182,
    "recall": 0.703125,
    "f1-score": 0.7563025210084033,
    "support": 64
  },
  "accuracy": 0.71,
  "macro avg": {
    "precision": 0.6979797979797979,
    "recall": 0.7126736111111112,
    "f1-score": 0.6991389148251893,
    "support": 100
  },
  "weighted avg": {
    "precision": 0.7316363636363635,
    "recall": 0.71,
    "f1-score": 0.7151447245564893,
    "support": 100
  }
}