{
  "0": {
    "precision": 0.9720558882235529,
    "recall": 0.949317738791423,
    "f1-score": 0.960552268244576,
    "support": 513
  },
  "1": {
    "precision": 0.9507575757575758,
    "recall": 0.9728682170542635,
    "f1-score": 0.9616858237547893,
    "support": 516
  },
  "accuracy": 0.9611273080660836,
  "macro avg": {
    "precision": 0.9614067319905644,
    "recall": 0.9610929779228432,
    "f1-score": 0.9611190459996826,
    "support": 1029
  },
  "weighted avg": {
    "precision": 0.9613756848878443,
    "recall": 0.9611273080660836,
    "f1-score": 0.9611206984129628,
    "support": 1029
  }
}