{
  "0": {
    "precision": 0.9090909090909091,
    "recall": 0.8333333333333334,
    "f1-score": 0.8695652173913043,
    "support": 36
  },
  "1": {
    "precision": 0.9104477611940298,
    "recall": 0.953125,
    "f1-score": 0.931297709923664,
    "support": 64
  },
  "accuracy": 0.91,
  "macro avg": {
    "precision": 0.9097693351424694,
    "recall": 0.8932291666666667,
    "f1-score": 0.9004314636574842,
    "support": 100
  },
  "weighted avg": {
    "precision": 0.9099592944369064,
    "recall": 0.91,
    "f1-score": 0.9090740126120146,
    "support": 100
  }
}