{
  "0": {
    "precision": 0.7857142857142857,
    "recall": 0.9166666666666666,
    "f1-score": 0.8461538461538461,
    "support": 36
  },
  "1": {
    "precision": 0.9482758620689655,
    "recall": 0.859375,
    "f1-score": 0.9016393442622951,
    "support": 64
  },
  "accuracy": 0.88,
  "macro avg": {
    "precision": 0.8669950738916257,
    "recall": 0.8880208333333333,
    "f1-score": 0.8738965952080706,
    "support": 100
  },
  "weighted avg": {
    "precision": 0.8897536945812808,
    "recall": 0.88,
    "f1-score": 0.8816645649432534,
    "support": 100
  }
}