{
  "0": {
    "precision": 0.9761904761904762,
    "recall": 0.9590643274853801,
    "f1-score": 0.967551622418879,
    "support": 513
  },
  "1": {
    "precision": 0.96,
    "recall": 0.9767441860465116,
    "f1-score": 0.9682997118155618,
    "support": 516
  },
  "accuracy": 0.967930029154519,
  "macro avg": {
    "precision": 0.9680952380952381,
    "recall": 0.9679042567659458,
    "f1-score": 0.9679256671172205,
    "support": 1029
  },
  "weighted avg": {
    "precision": 0.9680716368179925,
    "recall": 0.967930029154519,
    "f1-score": 0.9679267576265451,
    "support": 1029
  }
}