{
  "0": {
    "precision": 0.2,
    "recall": 0.06666666666666667,
    "f1-score": 0.1,
    "support": 15
  },
  "1": {
    "precision": 0.5,
    "recall": 0.4,
    "f1-score": 0.4444444444444445,
    "support": 30
  },
  "2": {
    "precision": 0.23529411764705882,
    "recall": 0.26666666666666666,
    "f1-score": 0.25,
    "support": 15
  },
  "3": {
    "precision": 0.25,
    "recall": 0.5,
    "f1-score": 0.3333333333333333,
    "support": 14
  },
  "accuracy": 0.32432432432432434,
  "macro avg": {
    "precision": 0.2963235294117647,
    "recall": 0.30833333333333335,
    "f1-score": 0.28194444444444444,
    "support": 74
  },
  "weighted avg": {
    "precision": 0.3382352941176471,
    "recall": 0.32432432432432434,
    "f1-score": 0.3141891891891892,
    "support": 74
  }
}