{
  "0": {
    "precision": 0.0,
    "recall": 0.0,
    "f1-score": 0.0,
    "support": 15
  },
  "1": {
    "precision": 0.42857142857142855,
    "recall": 0.2,
    "f1-score": 0.27272727272727276,
    "support": 30
  },
  "2": {
    "precision": 0.3333333333333333,
    "recall": 0.4666666666666667,
    "f1-score": 0.3888888888888889,
    "support": 15
  },
  "3": {
    "precision": 0.17647058823529413,
    "recall": 0.42857142857142855,
    "f1-score": 0.25,
    "support": 14
  },
  "accuracy": 0.25675675675675674,
  "macro avg": {
    "precision": 0.234593837535014,
    "recall": 0.27380952380952384,
    "f1-score": 0.22790404040404041,
    "support": 74
  },
  "weighted avg": {
    "precision": 0.2746990688167158,
    "recall": 0.25675675675675674,
    "f1-score": 0.2366912366912367,
    "support": 74
  }
}