{
  "0": {
    "precision": 0.5,
    "recall": 0.26666666666666666,
    "f1-score": 0.3478260869565218,
    "support": 15
  },
  "1": {
    "precision": 0.3333333333333333,
    "recall": 0.13333333333333333,
    "f1-score": 0.19047619047619044,
    "support": 30
  },
  "2": {
    "precision": 0.3157894736842105,
    "recall": 0.4,
    "f1-score": 0.35294117647058826,
    "support": 15
  },
  "3": {
    "precision": 0.17142857142857143,
    "recall": 0.42857142857142855,
    "f1-score": 0.24489795918367346,
    "support": 14
  },
  "accuracy": 0.2702702702702703,
  "macro avg": {
    "precision": 0.3301378446115288,
    "recall": 0.30714285714285716,
    "f1-score": 0.2840353532717435,
    "support": 74
  },
  "weighted avg": {
    "precision": 0.33293029871977237,
    "recall": 0.2702702702702703,
    "f1-score": 0.2655995418143755,
    "support": 74
  }
}