{
  "0": {
    "precision": 0.0,
    "recall": 0.0,
    "f1-score": 0.0,
    "support": 15
  },
  "1": {
    "precision": 0.55,
    "recall": 0.36666666666666664,
    "f1-score": 0.43999999999999995,
    "support": 30
  },
  "2": {
    "precision": 0.2727272727272727,
    "recall": 0.4,
    "f1-score": 0.3243243243243243,
    "support": 15
  },
  "3": {
    "precision": 0.20833333333333334,
    "recall": 0.35714285714285715,
    "f1-score": 0.2631578947368421,
    "support": 14
  },
  "accuracy": 0.2972972972972973,
  "macro avg": {
    "precision": 0.2577651515151515,
    "recall": 0.28095238095238095,
    "f1-score": 0.2568705547652916,
    "support": 74
  },
  "weighted avg": {
    "precision": 0.3176699426699427,
    "recall": 0.2972972972972973,
    "f1-score": 0.29390642420514396,
    "support": 74
  }
}