{
  "0": {
    "precision": 0.25,
    "recall": 0.8666666666666667,
    "f1-score": 0.3880597014925373,
    "support": 15.0
  },
  "1": {
    "precision": 0.8,
    "recall": 0.26666666666666666,
    "f1-score": 0.4,
    "support": 30.0
  },
  "2": {
    "precision": 0.25,
    "recall": 0.2,
    "f1-score": 0.22222222222222224,
    "support": 15.0
  },
  "3": {
    "precision": 0.0,
    "recall": 0.0,
    "f1-score": 0.0,
    "support": 14.0
  },
  "accuracy": 0.32432432432432434,
  "macro avg": {
    "precision": 0.325,
    "recall": 0.3333333333333333,
    "f1-score": 0.2525704809286899,
    "support": 74.0
  },
  "weighted avg": {
    "precision": 0.42567567567567566,
    "recall": 0.32432432432432434,
    "f1-score": 0.2858679575097485,
    "support": 74.0
  }
}