{
  "0": {
    "precision": 0.6,
    "recall": 0.2,
    "f1-score": 0.3,
    "support": 15
  },
  "1": {
    "precision": 0.4666666666666667,
    "recall": 0.23333333333333334,
    "f1-score": 0.31111111111111117,
    "support": 30
  },
  "2": {
    "precision": 0.32,
    "recall": 0.5333333333333333,
    "f1-score": 0.4,
    "support": 15
  },
  "3": {
    "precision": 0.20689655172413793,
    "recall": 0.42857142857142855,
    "f1-score": 0.2790697674418604,
    "support": 14
  },
  "accuracy": 0.32432432432432434,
  "macro avg": {
    "precision": 0.39839080459770115,
    "recall": 0.3488095238095238,
    "f1-score": 0.3225452196382429,
    "support": 74
  },
  "weighted avg": {
    "precision": 0.4148182665424045,
    "recall": 0.32432432432432434,
    "f1-score": 0.3208150010475592,
    "support": 74
  }
}