{
  "0": {
    "precision": 0.5,
    "recall": 0.26666666666666666,
    "f1-score": 0.3478260869565218,
    "support": 15
  },
  "1": {
    "precision": 0.5714285714285714,
    "recall": 0.5333333333333333,
    "f1-score": 0.5517241379310344,
    "support": 30
  },
  "2": {
    "precision": 0.46153846153846156,
    "recall": 0.4,
    "f1-score": 0.42857142857142855,
    "support": 15
  },
  "3": {
    "precision": 0.32,
    "recall": 0.5714285714285714,
    "f1-score": 0.41025641025641024,
    "support": 14
  },
  "accuracy": 0.4594594594594595,
  "macro avg": {
    "precision": 0.46324175824175823,
    "recall": 0.4428571428571429,
    "f1-score": 0.4345945159288488,
    "support": 74
  },
  "weighted avg": {
    "precision": 0.48710721710721705,
    "recall": 0.4594594594594595,
    "f1-score": 0.45866590019513553,
    "support": 74
  }
}