{
  "0": {
    "precision": 0.0,
    "recall": 0.0,
    "f1-score": 0.0,
    "support": 15
  },
  "1": {
    "precision": 0.36363636363636365,
    "recall": 0.13333333333333333,
    "f1-score": 0.1951219512195122,
    "support": 30
  },
  "2": {
    "precision": 0.37037037037037035,
    "recall": 0.6666666666666666,
    "f1-score": 0.47619047619047616,
    "support": 15
  },
  "3": {
    "precision": 0.2413793103448276,
    "recall": 0.5,
    "f1-score": 0.32558139534883723,
    "support": 14
  },
  "accuracy": 0.28378378378378377,
  "macro avg": {
    "precision": 0.2438465110878904,
    "recall": 0.32499999999999996,
    "f1-score": 0.2492234556897064,
    "support": 74
  },
  "weighted avg": {
    "precision": 0.2681615785064061,
    "recall": 0.28378378378378377,
    "f1-score": 0.23722507046386795,
    "support": 74
  }
}