{
  "0": {
    "precision": 0.9686888454011742,
    "recall": 0.9649122807017544,
    "f1-score": 0.9667968750000001,
    "support": 513
  },
  "1": {
    "precision": 0.9652509652509652,
    "recall": 0.9689922480620154,
    "f1-score": 0.9671179883945842,
    "support": 516
  },
  "accuracy": 0.966958211856171,
  "macro avg": {
    "precision": 0.9669699053260696,
    "recall": 0.9669522643818849,
    "f1-score": 0.9669574316972922,
    "support": 1029
  },
  "weighted avg": {
    "precision": 0.9669648938389702,
    "recall": 0.966958211856171,
    "f1-score": 0.9669578997926196,
    "support": 1029
  }
}