{
  "0": {
    "precision": 0.7948717948717948,
    "recall": 0.8611111111111112,
    "f1-score": 0.8266666666666667,
    "support": 36
  },
  "1": {
    "precision": 0.9180327868852459,
    "recall": 0.875,
    "f1-score": 0.8959999999999999,
    "support": 64
  },
  "accuracy": 0.87,
  "macro avg": {
    "precision": 0.8564522908785204,
    "recall": 0.8680555555555556,
    "f1-score": 0.8613333333333333,
    "support": 100
  },
  "weighted avg": {
    "precision": 0.8736948297604036,
    "recall": 0.87,
    "f1-score": 0.8710399999999998,
    "support": 100
  }
}