{
  "0": {
    "precision": 0.8333333333333334,
    "recall": 0.8333333333333334,
    "f1-score": 0.8333333333333334,
    "support": 36
  },
  "1": {
    "precision": 0.90625,
    "recall": 0.90625,
    "f1-score": 0.90625,
    "support": 64
  },
  "accuracy": 0.88,
  "macro avg": {
    "precision": 0.8697916666666667,
    "recall": 0.8697916666666667,
    "f1-score": 0.8697916666666667,
    "support": 100
  },
  "weighted avg": {
    "precision": 0.88,
    "recall": 0.88,
    "f1-score": 0.88,
    "support": 100
  }
}