{
  "0": {
    "precision": 0.3333333333333333,
    "recall": 0.2,
    "f1-score": 0.25,
    "support": 15
  },
  "1": {
    "precision": 0.5,
    "recall": 0.36666666666666664,
    "f1-score": 0.423076923076923,
    "support": 30
  },
  "2": {
    "precision": 0.3888888888888889,
    "recall": 0.4666666666666667,
    "f1-score": 0.42424242424242425,
    "support": 15
  },
  "3": {
    "precision": 0.24,
    "recall": 0.42857142857142855,
    "f1-score": 0.30769230769230765,
    "support": 14
  },
  "accuracy": 0.36486486486486486,
  "macro avg": {
    "precision": 0.3655555555555555,
    "recall": 0.36547619047619045,
    "f1-score": 0.35125291375291373,
    "support": 74
  },
  "weighted avg": {
    "precision": 0.39450450450450447,
    "recall": 0.36486486486486486,
    "f1-score": 0.36640049140049136,
    "support": 74
  }
}