{
  "0": {
    "precision": 0.5311850311850311,
    "recall": 0.9961013645224172,
    "f1-score": 0.6928813559322035,
    "support": 513.0
  },
  "1": {
    "precision": 0.9701492537313433,
    "recall": 0.12596899224806202,
    "f1-score": 0.2229845626072041,
    "support": 516.0
  },
  "accuracy": 0.5597667638483965,
  "macro avg": {
    "precision": 0.7506671424581872,
    "recall": 0.5610351783852396,
    "f1-score": 0.4579329592697038,
    "support": 1029.0
  },
  "weighted avg": {
    "precision": 0.7513070319954267,
    "recall": 0.5597667638483965,
    "f1-score": 0.4572479785214167,
    "support": 1029.0
  }
}