{
  "0": {
    "precision": 0.3333333333333333,
    "recall": 0.06666666666666667,
    "f1-score": 0.1111111111111111,
    "support": 15
  },
  "1": {
    "precision": 0.5862068965517241,
    "recall": 0.5666666666666667,
    "f1-score": 0.576271186440678,
    "support": 30
  },
  "2": {
    "precision": 0.25,
    "recall": 0.2,
    "f1-score": 0.22222222222222224,
    "support": 15
  },
  "3": {
    "precision": 0.3,
    "recall": 0.6428571428571429,
    "f1-score": 0.4090909090909091,
    "support": 14
  },
  "accuracy": 0.40540540540540543,
  "macro avg": {
    "precision": 0.3673850574712644,
    "recall": 0.36904761904761907,
    "f1-score": 0.3296738572162301,
    "support": 74
  },
  "weighted avg": {
    "precision": 0.41265144454799624,
    "recall": 0.40540540540540543,
    "f1-score": 0.378586598925582,
    "support": 74
  }
}