{
  "0": {
    "precision": 0.36363636363636365,
    "recall": 0.5333333333333333,
    "f1-score": 0.43243243243243246,
    "support": 15.0
  },
  "1": {
    "precision": 0.5428571428571428,
    "recall": 0.6333333333333333,
    "f1-score": 0.5846153846153846,
    "support": 30.0
  },
  "2": {
    "precision": 0.0,
    "recall": 0.0,
    "f1-score": 0.0,
    "support": 15.0
  },
  "3": {
    "precision": 0.29411764705882354,
    "recall": 0.35714285714285715,
    "f1-score": 0.3225806451612903,
    "support": 14.0
  },
  "accuracy": 0.43243243243243246,
  "macro avg": {
    "precision": 0.3001527883880825,
    "recall": 0.38095238095238093,
    "f1-score": 0.33490711555227687,
    "support": 74.0
  },
  "weighted avg": {
    "precision": 0.3494311729605847,
    "recall": 0.43243243243243246,
    "f1-score": 0.385690230502785,
    "support": 74.0
  }
}