{
  "0": {
    "precision": 0.9758064516129032,
    "recall": 0.9434697855750487,
    "f1-score": 0.9593657086223983,
    "support": 513
  },
  "1": {
    "precision": 0.9455909943714822,
    "recall": 0.9767441860465116,
    "f1-score": 0.9609151572926596,
    "support": 516
  },
  "accuracy": 0.9601554907677357,
  "macro avg": {
    "precision": 0.9606987229921927,
    "recall": 0.9601069858107801,
    "f1-score": 0.9601404329575289,
    "support": 1029
  },
  "weighted avg": {
    "precision": 0.9606546771361557,
    "recall": 0.9601554907677357,
    "f1-score": 0.96014269162906,
    "support": 1029
  }
}