{
  "0": {
    "precision": 0.996996996996997,
    "recall": 0.6471734892787524,
    "f1-score": 0.7848699763593381,
    "support": 513.0
  },
  "1": {
    "precision": 0.7399425287356322,
    "recall": 0.998062015503876,
    "f1-score": 0.8498349834983497,
    "support": 516.0
  },
  "accuracy": 0.8231292517006803,
  "macro avg": {
    "precision": 0.8684697628663145,
    "recall": 0.8226177523913142,
    "f1-score": 0.8173524799288439,
    "support": 1029.0
  },
  "weighted avg": {
    "precision": 0.8680950478980035,
    "recall": 0.8231292517006803,
    "f1-score": 0.8174471811054315,
    "support": 1029.0
  }
}