{
  "0": {
    "precision": 0.3695652173913043,
    "recall": 0.9444444444444444,
    "f1-score": 0.53125,
    "support": 36
  },
  "1": {
    "precision": 0.75,
    "recall": 0.09375,
    "f1-score": 0.16666666666666666,
    "support": 64
  },
  "accuracy": 0.4,
  "macro avg": {
    "precision": 0.5597826086956521,
    "recall": 0.5190972222222222,
    "f1-score": 0.3489583333333333,
    "support": 100
  },
  "weighted avg": {
    "precision": 0.6130434782608696,
    "recall": 0.4,
    "f1-score": 0.29791666666666666,
    "support": 100
  }
}