{
  "0": {
    "precision": 0.6153846153846154,
    "recall": 0.4444444444444444,
    "f1-score": 0.5161290322580646,
    "support": 36
  },
  "1": {
    "precision": 0.7297297297297297,
    "recall": 0.84375,
    "f1-score": 0.7826086956521738,
    "support": 64
  },
  "accuracy": 0.7,
  "macro avg": {
    "precision": 0.6725571725571726,
    "recall": 0.6440972222222222,
    "f1-score": 0.6493688639551192,
    "support": 100
  },
  "weighted avg": {
    "precision": 0.6885654885654886,
    "recall": 0.7,
    "f1-score": 0.6866760168302946,
    "support": 100
  }
}