{
  "0": {
    "precision": 0.25,
    "recall": 0.2,
    "f1-score": 0.22222222222222224,
    "support": 15
  },
  "1": {
    "precision": 0.5172413793103449,
    "recall": 0.5,
    "f1-score": 0.5084745762711865,
    "support": 30
  },
  "2": {
    "precision": 0.4,
    "recall": 0.26666666666666666,
    "f1-score": 0.32,
    "support": 15
  },
  "3": {
    "precision": 0.21739130434782608,
    "recall": 0.35714285714285715,
    "f1-score": 0.27027027027027023,
    "support": 14
  },
  "accuracy": 0.36486486486486486,
  "macro avg": {
    "precision": 0.34615817091454276,
    "recall": 0.33095238095238094,
    "f1-score": 0.33024176719091974,
    "support": 74
  },
  "weighted avg": {
    "precision": 0.38257729243486366,
    "recall": 0.36486486486486486,
    "f1-score": 0.36718046493584744,
    "support": 74
  }
}