{
  "0": {
    "precision": 0.8635578583765112,
    "recall": 0.9746588693957114,
    "f1-score": 0.9157509157509158,
    "support": 513.0
  },
  "1": {
    "precision": 0.9711111111111111,
    "recall": 0.8468992248062015,
    "f1-score": 0.9047619047619047,
    "support": 516.0
  },
  "accuracy": 0.9105928085519922,
  "macro avg": {
    "precision": 0.9173344847438112,
    "recall": 0.9107790471009565,
    "f1-score": 0.9102564102564102,
    "support": 1029.0
  },
  "weighted avg": {
    "precision": 0.9174912679110628,
    "recall": 0.9105928085519922,
    "f1-score": 0.9102403912899539,
    "support": 1029.0
  }
}