{
  "0": {
    "precision": 0.36363636363636365,
    "recall": 0.26666666666666666,
    "f1-score": 0.30769230769230765,
    "support": 15
  },
  "1": {
    "precision": 0.4444444444444444,
    "recall": 0.26666666666666666,
    "f1-score": 0.33333333333333337,
    "support": 30
  },
  "2": {
    "precision": 0.35,
    "recall": 0.4666666666666667,
    "f1-score": 0.4,
    "support": 15
  },
  "3": {
    "precision": 0.24,
    "recall": 0.42857142857142855,
    "f1-score": 0.30769230769230765,
    "support": 14
  },
  "accuracy": 0.33783783783783783,
  "macro avg": {
    "precision": 0.349520202020202,
    "recall": 0.35714285714285715,
    "f1-score": 0.33717948717948715,
    "support": 74
  },
  "weighted avg": {
    "precision": 0.37024160524160526,
    "recall": 0.33783783783783783,
    "f1-score": 0.3367983367983368,
    "support": 74
  }
}