{
  "0": {
    "precision": 0.8928571428571429,
    "recall": 0.6944444444444444,
    "f1-score": 0.78125,
    "support": 36
  },
  "1": {
    "precision": 0.8472222222222222,
    "recall": 0.953125,
    "f1-score": 0.8970588235294118,
    "support": 64
  },
  "accuracy": 0.86,
  "macro avg": {
    "precision": 0.8700396825396826,
    "recall": 0.8237847222222222,
    "f1-score": 0.8391544117647058,
    "support": 100
  },
  "weighted avg": {
    "precision": 0.8636507936507937,
    "recall": 0.86,
    "f1-score": 0.8553676470588235,
    "support": 100
  }
}