{
  "0": {
    "precision": 0.5531914893617021,
    "recall": 0.7222222222222222,
    "f1-score": 0.6265060240963856,
    "support": 36
  },
  "1": {
    "precision": 0.8113207547169812,
    "recall": 0.671875,
    "f1-score": 0.7350427350427351,
    "support": 64
  },
  "accuracy": 0.69,
  "macro avg": {
    "precision": 0.6822561220393417,
    "recall": 0.6970486111111112,
    "f1-score": 0.6807743795695603,
    "support": 100
  },
  "weighted avg": {
    "precision": 0.7183942191890808,
    "recall": 0.69,
    "f1-score": 0.6959695191020492,
    "support": 100
  }
}