{
  "0": {
    "precision": 0.14285714285714285,
    "recall": 0.06666666666666667,
    "f1-score": 0.09090909090909091,
    "support": 15
  },
  "1": {
    "precision": 0.5185185185185185,
    "recall": 0.4666666666666667,
    "f1-score": 0.4912280701754386,
    "support": 30
  },
  "2": {
    "precision": 0.2857142857142857,
    "recall": 0.4,
    "f1-score": 0.3333333333333333,
    "support": 15
  },
  "3": {
    "precision": 0.21052631578947367,
    "recall": 0.2857142857142857,
    "f1-score": 0.24242424242424243,
    "support": 14
  },
  "accuracy": 0.33783783783783783,
  "macro avg": {
    "precision": 0.2894040657198552,
    "recall": 0.3047619047619048,
    "f1-score": 0.2894736842105263,
    "support": 74
  },
  "weighted avg": {
    "precision": 0.3369121000699948,
    "recall": 0.33783783783783783,
    "f1-score": 0.3310056467951205,
    "support": 74
  }
}