{
  "0": {
    "precision": 0.7931034482758621,
    "recall": 0.6388888888888888,
    "f1-score": 0.7076923076923076,
    "support": 36
  },
  "1": {
    "precision": 0.8169014084507042,
    "recall": 0.90625,
    "f1-score": 0.8592592592592593,
    "support": 64
  },
  "accuracy": 0.81,
  "macro avg": {
    "precision": 0.8050024283632832,
    "recall": 0.7725694444444444,
    "f1-score": 0.7834757834757835,
    "support": 100
  },
  "weighted avg": {
    "precision": 0.8083341427877611,
    "recall": 0.81,
    "f1-score": 0.8046951566951567,
    "support": 100
  }
}