{
  "0": {
    "precision": 0.3076923076923077,
    "recall": 0.26666666666666666,
    "f1-score": 0.28571428571428575,
    "support": 15
  },
  "1": {
    "precision": 0.5,
    "recall": 0.5,
    "f1-score": 0.5,
    "support": 30
  },
  "2": {
    "precision": 0.3333333333333333,
    "recall": 0.06666666666666667,
    "f1-score": 0.1111111111111111,
    "support": 15
  },
  "3": {
    "precision": 0.2857142857142857,
    "recall": 0.5714285714285714,
    "f1-score": 0.38095238095238093,
    "support": 14
  },
  "accuracy": 0.3783783783783784,
  "macro avg": {
    "precision": 0.35668498168498164,
    "recall": 0.35119047619047616,
    "f1-score": 0.3194444444444445,
    "support": 74
  },
  "weighted avg": {
    "precision": 0.3866943866943867,
    "recall": 0.3783783783783784,
    "f1-score": 0.3552123552123552,
    "support": 74
  }
}