{
  "0": {
    "precision": 0.7619047619047619,
    "recall": 0.8888888888888888,
    "f1-score": 0.8205128205128205,
    "support": 36
  },
  "1": {
    "precision": 0.9310344827586207,
    "recall": 0.84375,
    "f1-score": 0.8852459016393444,
    "support": 64
  },
  "accuracy": 0.86,
  "macro avg": {
    "precision": 0.8464696223316912,
    "recall": 0.8663194444444444,
    "f1-score": 0.8528793610760824,
    "support": 100
  },
  "weighted avg": {
    "precision": 0.8701477832512314,
    "recall": 0.86,
    "f1-score": 0.8619419924337958,
    "support": 100
  }
}