{
  "0": {
    "precision": 0.2222222222222222,
    "recall": 0.13333333333333333,
    "f1-score": 0.16666666666666669,
    "support": 15
  },
  "1": {
    "precision": 0.75,
    "recall": 0.5,
    "f1-score": 0.6,
    "support": 30
  },
  "2": {
    "precision": 0.38461538461538464,
    "recall": 0.3333333333333333,
    "f1-score": 0.3571428571428571,
    "support": 15
  },
  "3": {
    "precision": 0.28125,
    "recall": 0.6428571428571429,
    "f1-score": 0.391304347826087,
    "support": 14
  },
  "accuracy": 0.4189189189189189,
  "macro avg": {
    "precision": 0.4095219017094017,
    "recall": 0.4023809523809524,
    "f1-score": 0.3787784679089027,
    "support": 74
  },
  "weighted avg": {
    "precision": 0.4802711365211365,
    "recall": 0.4189189189189189,
    "f1-score": 0.4234514017122713,
    "support": 74
  }
}