{
  "0": {
    "precision": 0.0,
    "recall": 0.0,
    "f1-score": 0.0,
    "support": 15
  },
  "1": {
    "precision": 0.3076923076923077,
    "recall": 0.13333333333333333,
    "f1-score": 0.18604651162790697,
    "support": 30
  },
  "2": {
    "precision": 0.23529411764705882,
    "recall": 0.5333333333333333,
    "f1-score": 0.326530612244898,
    "support": 15
  },
  "3": {
    "precision": 0.2,
    "recall": 0.35714285714285715,
    "f1-score": 0.25641025641025644,
    "support": 14
  },
  "accuracy": 0.22972972972972974,
  "macro avg": {
    "precision": 0.18574660633484164,
    "recall": 0.25595238095238093,
    "f1-score": 0.19224684507076534,
    "support": 74
  },
  "weighted avg": {
    "precision": 0.21027271615506912,
    "recall": 0.22972972972972974,
    "f1-score": 0.1901229475980307,
    "support": 74
  }
}