{
  "0": {
    "precision": 0.9759519038076152,
    "recall": 0.949317738791423,
    "f1-score": 0.9624505928853755,
    "support": 513
  },
  "1": {
    "precision": 0.9509433962264151,
    "recall": 0.9767441860465116,
    "f1-score": 0.9636711281070746,
    "support": 516
  },
  "accuracy": 0.9630709426627794,
  "macro avg": {
    "precision": 0.9634476500170152,
    "recall": 0.9630309624189672,
    "f1-score": 0.963060860496225,
    "support": 1029
  },
  "weighted avg": {
    "precision": 0.9634111944666053,
    "recall": 0.9630709426627794,
    "f1-score": 0.9630626397020876,
    "support": 1029
  }
}