{
  "0": {
    "precision": 0.25,
    "recall": 0.13333333333333333,
    "f1-score": 0.1739130434782609,
    "support": 15
  },
  "1": {
    "precision": 0.5,
    "recall": 0.3333333333333333,
    "f1-score": 0.4,
    "support": 30
  },
  "2": {
    "precision": 0.3157894736842105,
    "recall": 0.4,
    "f1-score": 0.35294117647058826,
    "support": 15
  },
  "3": {
    "precision": 0.2222222222222222,
    "recall": 0.42857142857142855,
    "f1-score": 0.29268292682926833,
    "support": 14
  },
  "accuracy": 0.32432432432432434,
  "macro avg": {
    "precision": 0.32200292397660824,
    "recall": 0.3238095238095238,
    "f1-score": 0.3048842866945294,
    "support": 74
  },
  "weighted avg": {
    "precision": 0.3594318002212739,
    "recall": 0.32432432432432434,
    "f1-score": 0.32432938209246615,
    "support": 74
  }
}