{
  "0": {
    "precision": 0.90625,
    "recall": 0.8055555555555556,
    "f1-score": 0.8529411764705882,
    "support": 36
  },
  "1": {
    "precision": 0.8970588235294118,
    "recall": 0.953125,
    "f1-score": 0.9242424242424244,
    "support": 64
  },
  "accuracy": 0.9,
  "macro avg": {
    "precision": 0.9016544117647058,
    "recall": 0.8793402777777778,
    "f1-score": 0.8885918003565063,
    "support": 100
  },
  "weighted avg": {
    "precision": 0.9003676470588234,
    "recall": 0.9,
    "f1-score": 0.8985739750445635,
    "support": 100
  }
}