{
  "0": {
    "precision": 0.9721115537848606,
    "recall": 0.9512670565302144,
    "f1-score": 0.9615763546798028,
    "support": 513
  },
  "1": {
    "precision": 0.952561669829222,
    "recall": 0.9728682170542635,
    "f1-score": 0.9626078619367209,
    "support": 516
  },
  "accuracy": 0.9620991253644315,
  "macro avg": {
    "precision": 0.9623366118070413,
    "recall": 0.962067636792239,
    "f1-score": 0.9620921083082619,
    "support": 1029
  },
  "weighted avg": {
    "precision": 0.9623081134339281,
    "recall": 0.9620991253644315,
    "f1-score": 0.9620936119631553,
    "support": 1029
  }
}