{
  "0": {
    "precision": 0.25,
    "recall": 0.13333333333333333,
    "f1-score": 0.1739130434782609,
    "support": 15
  },
  "1": {
    "precision": 0.48148148148148145,
    "recall": 0.43333333333333335,
    "f1-score": 0.456140350877193,
    "support": 30
  },
  "2": {
    "precision": 0.2777777777777778,
    "recall": 0.3333333333333333,
    "f1-score": 0.303030303030303,
    "support": 15
  },
  "3": {
    "precision": 0.2857142857142857,
    "recall": 0.42857142857142855,
    "f1-score": 0.34285714285714286,
    "support": 14
  },
  "accuracy": 0.35135135135135137,
  "macro avg": {
    "precision": 0.32374338624338617,
    "recall": 0.33214285714285713,
    "f1-score": 0.31898521006072494,
    "support": 74
  },
  "weighted avg": {
    "precision": 0.35623123123123124,
    "recall": 0.35135135135135137,
    "f1-score": 0.3464643341073547,
    "support": 74
  }
}