{
  "0": {
    "precision": 0.9723865877712031,
    "recall": 0.9610136452241715,
    "f1-score": 0.9666666666666666,
    "support": 513
  },
  "1": {
    "precision": 0.9616858237547893,
    "recall": 0.9728682170542635,
    "f1-score": 0.9672447013487475,
    "support": 516
  },
  "accuracy": 0.966958211856171,
  "macro avg": {
    "precision": 0.9670362057629962,
    "recall": 0.9669409311392175,
    "f1-score": 0.966955684007707,
    "support": 1029
  },
  "weighted avg": {
    "precision": 0.9670206069816312,
    "recall": 0.966958211856171,
    "f1-score": 0.9669565266238617,
    "support": 1029
  }
}