{
  "0": {
    "precision": 0.16666666666666666,
    "recall": 0.06666666666666667,
    "f1-score": 0.09523809523809522,
    "support": 15
  },
  "1": {
    "precision": 0.5185185185185185,
    "recall": 0.4666666666666667,
    "f1-score": 0.4912280701754386,
    "support": 30
  },
  "2": {
    "precision": 0.35714285714285715,
    "recall": 0.3333333333333333,
    "f1-score": 0.3448275862068965,
    "support": 15
  },
  "3": {
    "precision": 0.2962962962962963,
    "recall": 0.5714285714285714,
    "f1-score": 0.3902439024390244,
    "support": 14
  },
  "accuracy": 0.3783783783783784,
  "macro avg": {
    "precision": 0.33465608465608465,
    "recall": 0.3595238095238095,
    "f1-score": 0.3303844135148637,
    "support": 74
  },
  "weighted avg": {
    "precision": 0.3724438724438725,
    "recall": 0.3783783783783784,
    "f1-score": 0.3621789454200592,
    "support": 74
  }
}