{
  "0": {
    "precision": 0.5,
    "recall": 0.26666666666666666,
    "f1-score": 0.3478260869565218,
    "support": 15
  },
  "1": {
    "precision": 0.5555555555555556,
    "recall": 0.3333333333333333,
    "f1-score": 0.4166666666666667,
    "support": 30
  },
  "2": {
    "precision": 0.23529411764705882,
    "recall": 0.26666666666666666,
    "f1-score": 0.25,
    "support": 15
  },
  "3": {
    "precision": 0.25806451612903225,
    "recall": 0.5714285714285714,
    "f1-score": 0.35555555555555557,
    "support": 14
  },
  "accuracy": 0.35135135135135137,
  "macro avg": {
    "precision": 0.3872285473329117,
    "recall": 0.3595238095238095,
    "f1-score": 0.342512077294686,
    "support": 74
  },
  "weighted avg": {
    "precision": 0.42309434671863516,
    "recall": 0.35135135135135137,
    "f1-score": 0.35736714975845413,
    "support": 74
  }
}