{
  "0": {
    "precision": 0.25,
    "recall": 0.2,
    "f1-score": 0.22222222222222224,
    "support": 15
  },
  "1": {
    "precision": 0.5,
    "recall": 0.4,
    "f1-score": 0.4444444444444445,
    "support": 30
  },
  "2": {
    "precision": 0.4,
    "recall": 0.5333333333333333,
    "f1-score": 0.4571428571428572,
    "support": 15
  },
  "3": {
    "precision": 0.2222222222222222,
    "recall": 0.2857142857142857,
    "f1-score": 0.25,
    "support": 14
  },
  "accuracy": 0.36486486486486486,
  "macro avg": {
    "precision": 0.34305555555555556,
    "recall": 0.3547619047619047,
    "f1-score": 0.34345238095238095,
    "support": 74
  },
  "weighted avg": {
    "precision": 0.3765015015015015,
    "recall": 0.36486486486486486,
    "f1-score": 0.3651866151866152,
    "support": 74
  }
}