{
  "0": {
    "precision": 0.5,
    "recall": 0.3333333333333333,
    "f1-score": 0.4,
    "support": 15
  },
  "1": {
    "precision": 0.55,
    "recall": 0.36666666666666664,
    "f1-score": 0.43999999999999995,
    "support": 30
  },
  "2": {
    "precision": 0.2,
    "recall": 0.2,
    "f1-score": 0.20000000000000004,
    "support": 15
  },
  "3": {
    "precision": 0.1724137931034483,
    "recall": 0.35714285714285715,
    "f1-score": 0.23255813953488377,
    "support": 14
  },
  "accuracy": 0.32432432432432434,
  "macro avg": {
    "precision": 0.3556034482758621,
    "recall": 0.3142857142857143,
    "f1-score": 0.31813953488372093,
    "support": 74
  },
  "weighted avg": {
    "precision": 0.3974836905871389,
    "recall": 0.32432432432432434,
    "f1-score": 0.343997485857951,
    "support": 74
  }
}