{
  "0": {
    "precision": 0.45454545454545453,
    "recall": 0.3333333333333333,
    "f1-score": 0.3846153846153846,
    "support": 15
  },
  "1": {
    "precision": 0.47619047619047616,
    "recall": 0.3333333333333333,
    "f1-score": 0.39215686274509803,
    "support": 30
  },
  "2": {
    "precision": 0.2631578947368421,
    "recall": 0.3333333333333333,
    "f1-score": 0.29411764705882354,
    "support": 15
  },
  "3": {
    "precision": 0.21739130434782608,
    "recall": 0.35714285714285715,
    "f1-score": 0.27027027027027023,
    "support": 14
  },
  "accuracy": 0.33783783783783783,
  "macro avg": {
    "precision": 0.3528212824551497,
    "recall": 0.3392857142857143,
    "f1-score": 0.3352900411723941,
    "support": 74
  },
  "weighted avg": {
    "precision": 0.3796586862948419,
    "recall": 0.33783783783783783,
    "f1-score": 0.34769574515202495,
    "support": 74
  }
}