{
  "0": {
    "precision": 0.5818181818181818,
    "recall": 0.8888888888888888,
    "f1-score": 0.7032967032967034,
    "support": 36
  },
  "1": {
    "precision": 0.9111111111111111,
    "recall": 0.640625,
    "f1-score": 0.7522935779816514,
    "support": 64
  },
  "accuracy": 0.73,
  "macro avg": {
    "precision": 0.7464646464646465,
    "recall": 0.7647569444444444,
    "f1-score": 0.7277951406391774,
    "support": 100
  },
  "weighted avg": {
    "precision": 0.7925656565656566,
    "recall": 0.73,
    "f1-score": 0.7346547030950701,
    "support": 100
  }
}