{
  "0": {
    "precision": 0.25,
    "recall": 0.06666666666666667,
    "f1-score": 0.10526315789473685,
    "support": 15
  },
  "1": {
    "precision": 0.5714285714285714,
    "recall": 0.5333333333333333,
    "f1-score": 0.5517241379310344,
    "support": 30
  },
  "2": {
    "precision": 0.16666666666666666,
    "recall": 0.13333333333333333,
    "f1-score": 0.14814814814814814,
    "support": 15
  },
  "3": {
    "precision": 0.2,
    "recall": 0.42857142857142855,
    "f1-score": 0.27272727272727276,
    "support": 14
  },
  "accuracy": 0.33783783783783783,
  "macro avg": {
    "precision": 0.2970238095238095,
    "recall": 0.29047619047619044,
    "f1-score": 0.269465679175298,
    "support": 74
  },
  "weighted avg": {
    "precision": 0.35395752895752897,
    "recall": 0.33783783783783783,
    "f1-score": 0.32663615603724494,
    "support": 74
  }
}