{
  "0": {
    "precision": 0.2222222222222222,
    "recall": 0.13333333333333333,
    "f1-score": 0.16666666666666669,
    "support": 15
  },
  "1": {
    "precision": 0.38095238095238093,
    "recall": 0.26666666666666666,
    "f1-score": 0.3137254901960784,
    "support": 30
  },
  "2": {
    "precision": 0.25,
    "recall": 0.3333333333333333,
    "f1-score": 0.28571428571428575,
    "support": 15
  },
  "3": {
    "precision": 0.25,
    "recall": 0.42857142857142855,
    "f1-score": 0.3157894736842105,
    "support": 14
  },
  "accuracy": 0.28378378378378377,
  "macro avg": {
    "precision": 0.2757936507936508,
    "recall": 0.2904761904761905,
    "f1-score": 0.27047397906531034,
    "support": 74
  },
  "weighted avg": {
    "precision": 0.2974581724581724,
    "recall": 0.28378378378378377,
    "f1-score": 0.278628805718589,
    "support": 74
  }
}