{
  "0": {
    "precision": 0.29411764705882354,
    "recall": 0.6666666666666666,
    "f1-score": 0.40816326530612246,
    "support": 15.0
  },
  "1": {
    "precision": 1.0,
    "recall": 0.2,
    "f1-score": 0.33333333333333337,
    "support": 30.0
  },
  "2": {
    "precision": 0.5263157894736842,
    "recall": 0.6666666666666666,
    "f1-score": 0.5882352941176471,
    "support": 15.0
  },
  "3": {
    "precision": 0.2,
    "recall": 0.21428571428571427,
    "f1-score": 0.20689655172413796,
    "support": 14.0
  },
  "accuracy": 0.3918918918918919,
  "macro avg": {
    "precision": 0.505108359133127,
    "recall": 0.43690476190476185,
    "f1-score": 0.3841571111203102,
    "support": 74.0
  },
  "weighted avg": {
    "precision": 0.6095473182160488,
    "recall": 0.3918918918918919,
    "f1-score": 0.3762504069661416,
    "support": 74.0
  }
}