{
  "0": {
    "precision": 0.25,
    "recall": 0.13333333333333333,
    "f1-score": 0.1739130434782609,
    "support": 15
  },
  "1": {
    "precision": 0.48,
    "recall": 0.4,
    "f1-score": 0.4363636363636364,
    "support": 30
  },
  "2": {
    "precision": 0.3333333333333333,
    "recall": 0.26666666666666666,
    "f1-score": 0.2962962962962963,
    "support": 15
  },
  "3": {
    "precision": 0.20689655172413793,
    "recall": 0.42857142857142855,
    "f1-score": 0.2790697674418604,
    "support": 14
  },
  "accuracy": 0.32432432432432434,
  "macro avg": {
    "precision": 0.3175574712643678,
    "recall": 0.30714285714285716,
    "f1-score": 0.2964106858950135,
    "support": 74
  },
  "weighted avg": {
    "precision": 0.35198042870456664,
    "recall": 0.32432432432432434,
    "f1-score": 0.32501386394207427,
    "support": 74
  }
}