{
  "0": {
    "precision": 0.9912280701754386,
    "recall": 0.2202729044834308,
    "f1-score": 0.36044657097288674,
    "support": 513.0
  },
  "1": {
    "precision": 0.5628415300546448,
    "recall": 0.998062015503876,
    "f1-score": 0.7197763801537387,
    "support": 516.0
  },
  "accuracy": 0.6103012633624878,
  "macro avg": {
    "precision": 0.7770348001150417,
    "recall": 0.6091674599936534,
    "f1-score": 0.5401114755633127,
    "support": 1029.0
  },
  "weighted avg": {
    "precision": 0.7764103299399384,
    "recall": 0.6103012633624878,
    "f1-score": 0.5406352799498737,
    "support": 1029.0
  }
}