{
  "0": {
    "precision": 0.09349593495934959,
    "recall": 0.6388888888888888,
    "f1-score": 0.1631205673758865,
    "support": 36
  },
  "1": {
    "precision": 0.3333333333333333,
    "recall": 0.11538461538461539,
    "f1-score": 0.17142857142857146,
    "support": 26
  },
  "2": {
    "precision": 0.0,
    "recall": 0.0,
    "f1-score": 0.0,
    "support": 25
  },
  "3": {
    "precision": 0.0,
    "recall": 0.0,
    "f1-score": 0.0,
    "support": 37
  },
  "4": {
    "precision": 0.0,
    "recall": 0.0,
    "f1-score": 0.0,
    "support": 40
  },
  "5": {
    "precision": 0.0,
    "recall": 0.0,
    "f1-score": 0.0,
    "support": 35
  },
  "6": {
    "precision": 0.0,
    "recall": 0.0,
    "f1-score": 0.0,
    "support": 29
  },
  "7": {
    "precision": 0.0,
    "recall": 0.0,
    "f1-score": 0.0,
    "support": 33
  },
  "8": {
    "precision": 0.0,
    "recall": 0.0,
    "f1-score": 0.0,
    "support": 32
  },
  "9": {
    "precision": 0.0,
    "recall": 0.0,
    "f1-score": 0.0,
    "support": 31
  },
  "10": {
    "precision": 0.0,
    "recall": 0.0,
    "f1-score": 0.0,
    "support": 33
  },
  "11": {
    "precision": 0.05419580419580419,
    "recall": 0.9117647058823529,
    "f1-score": 0.1023102310231023,
    "support": 34
  },
  "12": {
    "precision": 0.0,
    "recall": 0.0,
    "f1-score": 0.0,
    "support": 31
  },
  "13": {
    "precision": 0.0,
    "recall": 0.0,
    "f1-score": 0.0,
    "support": 34
  },
  "14": {
    "precision": 0.0,
    "recall": 0.0,
    "f1-score": 0.0,
    "support": 43
  },
  "15": {
    "precision": 0.0,
    "recall": 0.0,
    "f1-score": 0.0,
    "support": 32
  },
  "16": {
    "precision": 0.0,
    "recall": 0.0,
    "f1-score": 0.0,
    "support": 37
  },
  "17": {
    "precision": 0.0,
    "recall": 0.0,
    "f1-score": 0.0,
    "support": 26
  },
  "18": {
    "precision": 0.0,
    "recall": 0.0,
    "f1-score": 0.0,
    "support": 32
  },
  "19": {
    "precision": 0.0,
    "recall": 0.0,
    "f1-score": 0.0,
    "support": 29
  },
  "20": {
    "precision": 0.30434782608695654,
    "recall": 0.16279069767441862,
    "f1-score": 0.21212121212121213,
    "support": 43
  },
  "21": {
    "precision": 0.0,
    "recall": 0.0,
    "f1-score": 0.0,
    "support": 34
  },
  "22": {
    "precision": 0.0,
    "recall": 0.0,
    "f1-score": 0.0,
    "support": 30
  },
  "23": {
    "precision": 0.0,
    "recall": 0.0,
    "f1-score": 0.0,
    "support": 29
  },
  "24": {
    "precision": 0.0,
    "recall": 0.0,
    "f1-score": 0.0,
    "support": 32
  },
  "25": {
    "precision": 0.0,
    "recall": 0.0,
    "f1-score": 0.0,
    "support": 27
  },
  "accuracy": 0.07529411764705882,
  "macro avg": {
    "precision": 0.03020664994520937,
    "recall": 0.07033957337808752,
    "f1-score": 0.024960791613414322,
    "support": 850
  },
  "weighted avg": {
    "precision": 0.031720157870117324,
    "recall": 0.07529411764705882,
    "f1-score": 0.02697558030432044,
    "support": 850
  }
}