{
  "0": {
    "precision": 0.7096774193548387,
    "recall": 0.6111111111111112,
    "f1-score": 0.6567164179104478,
    "support": 36
  },
  "1": {
    "precision": 0.7971014492753623,
    "recall": 0.859375,
    "f1-score": 0.8270676691729324,
    "support": 64
  },
  "accuracy": 0.77,
  "macro avg": {
    "precision": 0.7533894343151005,
    "recall": 0.7352430555555556,
    "f1-score": 0.74189204354169,
    "support": 100
  },
  "weighted avg": {
    "precision": 0.7656287985039738,
    "recall": 0.77,
    "f1-score": 0.765741218718438,
    "support": 100
  }
}