{
  "0": {
    "precision": 0.16666666666666666,
    "recall": 0.06666666666666667,
    "f1-score": 0.09523809523809522,
    "support": 15
  },
  "1": {
    "precision": 0.4,
    "recall": 0.13333333333333333,
    "f1-score": 0.2,
    "support": 30
  },
  "2": {
    "precision": 0.2916666666666667,
    "recall": 0.4666666666666667,
    "f1-score": 0.35897435897435903,
    "support": 15
  },
  "3": {
    "precision": 0.20588235294117646,
    "recall": 0.5,
    "f1-score": 0.2916666666666667,
    "support": 14
  },
  "accuracy": 0.25675675675675674,
  "macro avg": {
    "precision": 0.26605392156862745,
    "recall": 0.2916666666666667,
    "f1-score": 0.23646978021978027,
    "support": 74
  },
  "weighted avg": {
    "precision": 0.2940182829888712,
    "recall": 0.25675675675675674,
    "f1-score": 0.22833135333135332,
    "support": 74
  }
}