{
  "0": {
    "precision": 0.2,
    "recall": 0.06666666666666667,
    "f1-score": 0.1,
    "support": 15
  },
  "1": {
    "precision": 0.2857142857142857,
    "recall": 0.13333333333333333,
    "f1-score": 0.18181818181818182,
    "support": 30
  },
  "2": {
    "precision": 0.21212121212121213,
    "recall": 0.4666666666666667,
    "f1-score": 0.29166666666666663,
    "support": 15
  },
  "3": {
    "precision": 0.18181818181818182,
    "recall": 0.2857142857142857,
    "f1-score": 0.2222222222222222,
    "support": 14
  },
  "accuracy": 0.21621621621621623,
  "macro avg": {
    "precision": 0.2199134199134199,
    "recall": 0.2380952380952381,
    "f1-score": 0.19892676767676767,
    "support": 74
  },
  "weighted avg": {
    "precision": 0.2337662337662338,
    "recall": 0.21621621621621623,
    "f1-score": 0.19514400764400763,
    "support": 74
  }
}