{
  "0": {
    "precision": 0.9741035856573705,
    "recall": 0.9532163742690059,
    "f1-score": 0.9635467980295567,
    "support": 513
  },
  "1": {
    "precision": 0.9544592030360531,
    "recall": 0.9748062015503876,
    "f1-score": 0.9645254074784276,
    "support": 516
  },
  "accuracy": 0.9640427599611273,
  "macro avg": {
    "precision": 0.9642813943467119,
    "recall": 0.9640112879096967,
    "f1-score": 0.9640361027539921,
    "support": 1029
  },
  "weighted avg": {
    "precision": 0.9642527582204417,
    "recall": 0.9640427599611273,
    "f1-score": 0.9640375292983782,
    "support": 1029
  }
}