{
  "0": {
    "precision": 0.5882352941176471,
    "recall": 0.2777777777777778,
    "f1-score": 0.3773584905660377,
    "support": 36
  },
  "1": {
    "precision": 0.6867469879518072,
    "recall": 0.890625,
    "f1-score": 0.7755102040816326,
    "support": 64
  },
  "accuracy": 0.67,
  "macro avg": {
    "precision": 0.6374911410347271,
    "recall": 0.5842013888888888,
    "f1-score": 0.5764343473238351,
    "support": 100
  },
  "weighted avg": {
    "precision": 0.6512827781715096,
    "recall": 0.67,
    "f1-score": 0.6321755872160185,
    "support": 100
  }
}