{
  "0": {
    "precision": 0.2,
    "recall": 0.06666666666666667,
    "f1-score": 0.1,
    "support": 15
  },
  "1": {
    "precision": 0.375,
    "recall": 0.2,
    "f1-score": 0.26086956521739135,
    "support": 30
  },
  "2": {
    "precision": 0.3548387096774194,
    "recall": 0.7333333333333333,
    "f1-score": 0.47826086956521735,
    "support": 15
  },
  "3": {
    "precision": 0.2727272727272727,
    "recall": 0.42857142857142855,
    "f1-score": 0.33333333333333326,
    "support": 14
  },
  "accuracy": 0.32432432432432434,
  "macro avg": {
    "precision": 0.30064149560117304,
    "recall": 0.35714285714285715,
    "f1-score": 0.2931159420289855,
    "support": 74
  },
  "weighted avg": {
    "precision": 0.3160913846397717,
    "recall": 0.32432432432432434,
    "f1-score": 0.286036036036036,
    "support": 74
  }
}