{
  "0": {
    "precision": 0.4444444444444444,
    "recall": 0.26666666666666666,
    "f1-score": 0.33333333333333337,
    "support": 15
  },
  "1": {
    "precision": 0.6875,
    "recall": 0.36666666666666664,
    "f1-score": 0.47826086956521735,
    "support": 30
  },
  "2": {
    "precision": 0.3,
    "recall": 0.4,
    "f1-score": 0.34285714285714286,
    "support": 15
  },
  "3": {
    "precision": 0.1724137931034483,
    "recall": 0.35714285714285715,
    "f1-score": 0.23255813953488377,
    "support": 14
  },
  "accuracy": 0.35135135135135137,
  "macro avg": {
    "precision": 0.4010895593869732,
    "recall": 0.3476190476190476,
    "f1-score": 0.34675237132264436,
    "support": 74
  },
  "weighted avg": {
    "precision": 0.4622359428393911,
    "recall": 0.35135135135135137,
    "f1-score": 0.3749526646392167,
    "support": 74
  }
}