{
  "0": {
    "precision": 0.6,
    "recall": 0.9166666666666666,
    "f1-score": 0.7252747252747253,
    "support": 36
  },
  "1": {
    "precision": 0.9333333333333333,
    "recall": 0.65625,
    "f1-score": 0.7706422018348624,
    "support": 64
  },
  "accuracy": 0.75,
  "macro avg": {
    "precision": 0.7666666666666666,
    "recall": 0.7864583333333333,
    "f1-score": 0.7479584635547938,
    "support": 100
  },
  "weighted avg": {
    "precision": 0.8133333333333332,
    "recall": 0.75,
    "f1-score": 0.7543099102732131,
    "support": 100
  }
}