{
  "0": {
    "precision": 0.15384615384615385,
    "recall": 0.13333333333333333,
    "f1-score": 0.14285714285714288,
    "support": 15
  },
  "1": {
    "precision": 0.631578947368421,
    "recall": 0.4,
    "f1-score": 0.4897959183673469,
    "support": 30
  },
  "2": {
    "precision": 0.47619047619047616,
    "recall": 0.6666666666666666,
    "f1-score": 0.5555555555555556,
    "support": 15
  },
  "3": {
    "precision": 0.23809523809523808,
    "recall": 0.35714285714285715,
    "f1-score": 0.2857142857142857,
    "support": 14
  },
  "accuracy": 0.3918918918918919,
  "macro avg": {
    "precision": 0.3749277038750723,
    "recall": 0.3892857142857143,
    "f1-score": 0.3684807256235828,
    "support": 74
  },
  "weighted avg": {
    "precision": 0.4288006919585866,
    "recall": 0.3918918918918919,
    "f1-score": 0.3941901084758228,
    "support": 74
  }
}