{
  "0": {
    "precision": 0.9683168316831683,
    "recall": 0.9532163742690059,
    "f1-score": 0.9607072691552062,
    "support": 513
  },
  "1": {
    "precision": 0.9541984732824428,
    "recall": 0.9689922480620154,
    "f1-score": 0.9615384615384615,
    "support": 516
  },
  "accuracy": 0.9611273080660836,
  "macro avg": {
    "precision": 0.9612576524828056,
    "recall": 0.9611043111655106,
    "f1-score": 0.9611228653468338,
    "support": 1029
  },
  "weighted avg": {
    "precision": 0.9612370717854285,
    "recall": 0.9611273080660836,
    "f1-score": 0.9611240769975383,
    "support": 1029
  }
}