{
  "0": {
    "precision": 0.5786384976525821,
    "recall": 0.9610136452241715,
    "f1-score": 0.7223443223443222,
    "support": 513.0
  },
  "1": {
    "precision": 0.8870056497175142,
    "recall": 0.30426356589147285,
    "f1-score": 0.4531024531024531,
    "support": 516.0
  },
  "accuracy": 0.6316812439261419,
  "macro avg": {
    "precision": 0.7328220736850481,
    "recall": 0.6326386055578221,
    "f1-score": 0.5877233877233876,
    "support": 1029.0
  },
  "weighted avg": {
    "precision": 0.7332715884839767,
    "recall": 0.6316812439261419,
    "f1-score": 0.5873309068644345,
    "support": 1029.0
  }
}