{
  "0": {
    "precision": 0.0,
    "recall": 0.0,
    "f1-score": 0.0,
    "support": 15
  },
  "1": {
    "precision": 0.45454545454545453,
    "recall": 0.16666666666666666,
    "f1-score": 0.2439024390243902,
    "support": 30
  },
  "2": {
    "precision": 0.21428571428571427,
    "recall": 0.2,
    "f1-score": 0.20689655172413796,
    "support": 15
  },
  "3": {
    "precision": 0.1590909090909091,
    "recall": 0.5,
    "f1-score": 0.2413793103448276,
    "support": 14
  },
  "accuracy": 0.20270270270270271,
  "macro avg": {
    "precision": 0.20698051948051946,
    "recall": 0.21666666666666667,
    "f1-score": 0.17304457527333894,
    "support": 74
  },
  "weighted avg": {
    "precision": 0.25780975780975784,
    "recall": 0.20270270270270271,
    "f1-score": 0.18648421339758597,
    "support": 74
  }
}