{
  "0": {
    "precision": 0.16666666666666666,
    "recall": 0.06666666666666667,
    "f1-score": 0.09523809523809522,
    "support": 15
  },
  "1": {
    "precision": 0.3333333333333333,
    "recall": 0.2,
    "f1-score": 0.25,
    "support": 30
  },
  "2": {
    "precision": 0.3333333333333333,
    "recall": 0.6,
    "f1-score": 0.42857142857142855,
    "support": 15
  },
  "3": {
    "precision": 0.2608695652173913,
    "recall": 0.42857142857142855,
    "f1-score": 0.3243243243243243,
    "support": 14
  },
  "accuracy": 0.2972972972972973,
  "macro avg": {
    "precision": 0.27355072463768115,
    "recall": 0.3238095238095238,
    "f1-score": 0.274533462033462,
    "support": 74
  },
  "weighted avg": {
    "precision": 0.28584018801410105,
    "recall": 0.2972972972972973,
    "f1-score": 0.2688876134822081,
    "support": 74
  }
}