{
  "0": {
    "precision": 0.375,
    "recall": 0.2,
    "f1-score": 0.26086956521739135,
    "support": 15
  },
  "1": {
    "precision": 0.5357142857142857,
    "recall": 0.5,
    "f1-score": 0.5172413793103449,
    "support": 30
  },
  "2": {
    "precision": 0.23076923076923078,
    "recall": 0.2,
    "f1-score": 0.21428571428571427,
    "support": 15
  },
  "3": {
    "precision": 0.2,
    "recall": 0.35714285714285715,
    "f1-score": 0.25641025641025644,
    "support": 14
  },
  "accuracy": 0.35135135135135137,
  "macro avg": {
    "precision": 0.3353708791208791,
    "recall": 0.3142857142857143,
    "f1-score": 0.3122017288059267,
    "support": 74
  },
  "weighted avg": {
    "precision": 0.37781036531036527,
    "recall": 0.35135135135135137,
    "f1-score": 0.3545177589405476,
    "support": 74
  }
}