{
  "0": {
    "precision": 0.9032258064516129,
    "recall": 0.7777777777777778,
    "f1-score": 0.835820895522388,
    "support": 36
  },
  "1": {
    "precision": 0.8840579710144928,
    "recall": 0.953125,
    "f1-score": 0.9172932330827068,
    "support": 64
  },
  "accuracy": 0.89,
  "macro avg": {
    "precision": 0.8936418887330528,
    "recall": 0.8654513888888888,
    "f1-score": 0.8765570643025474,
    "support": 100
  },
  "weighted avg": {
    "precision": 0.8909583917718561,
    "recall": 0.89,
    "f1-score": 0.887963191560992,
    "support": 100
  }
}