{
  "0": {
    "precision": 0.7777777777777778,
    "recall": 0.19444444444444445,
    "f1-score": 0.3111111111111111,
    "support": 36
  },
  "1": {
    "precision": 0.6813186813186813,
    "recall": 0.96875,
    "f1-score": 0.7999999999999999,
    "support": 64
  },
  "accuracy": 0.69,
  "macro avg": {
    "precision": 0.7295482295482296,
    "recall": 0.5815972222222222,
    "f1-score": 0.5555555555555556,
    "support": 100
  },
  "weighted avg": {
    "precision": 0.7160439560439561,
    "recall": 0.69,
    "f1-score": 0.6239999999999999,
    "support": 100
  }
}