{
  "0": {
    "precision": 0.11811023622047244,
    "recall": 0.4166666666666667,
    "f1-score": 0.18404907975460125,
    "support": 36
  },
  "1": {
    "precision": 0.2318840579710145,
    "recall": 0.6153846153846154,
    "f1-score": 0.3368421052631579,
    "support": 26
  },
  "2": {
    "precision": 0.0,
    "recall": 0.0,
    "f1-score": 0.0,
    "support": 25
  },
  "3": {
    "precision": 0.05360134003350084,
    "recall": 0.8648648648648649,
    "f1-score": 0.10094637223974763,
    "support": 37
  },
  "4": {
    "precision": 0.0,
    "recall": 0.0,
    "f1-score": 0.0,
    "support": 40
  },
  "5": {
    "precision": 0.0,
    "recall": 0.0,
    "f1-score": 0.0,
    "support": 35
  },
  "6": {
    "precision": 0.0,
    "recall": 0.0,
    "f1-score": 0.0,
    "support": 29
  },
  "7": {
    "precision": 0.0,
    "recall": 0.0,
    "f1-score": 0.0,
    "support": 33
  },
  "8": {
    "precision": 0.0,
    "recall": 0.0,
    "f1-score": 0.0,
    "support": 32
  },
  "9": {
    "precision": 0.0,
    "recall": 0.0,
    "f1-score": 0.0,
    "support": 31
  },
  "10": {
    "precision": 0.0,
    "recall": 0.0,
    "f1-score": 0.0,
    "support": 33
  },
  "11": {
    "precision": 0.0,
    "recall": 0.0,
    "f1-score": 0.0,
    "support": 34
  },
  "12": {
    "precision": 0.0,
    "recall": 0.0,
    "f1-score": 0.0,
    "support": 31
  },
  "13": {
    "precision": 0.0,
    "recall": 0.0,
    "f1-score": 0.0,
    "support": 34
  },
  "14": {
    "precision": 0.5666666666666667,
    "recall": 0.3953488372093023,
    "f1-score": 0.46575342465753417,
    "support": 43
  },
  "15": {
    "precision": 0.0,
    "recall": 0.0,
    "f1-score": 0.0,
    "support": 32
  },
  "16": {
    "precision": 0.0,
    "recall": 0.0,
    "f1-score": 0.0,
    "support": 37
  },
  "17": {
    "precision": 1.0,
    "recall": 0.038461538461538464,
    "f1-score": 0.07407407407407407,
    "support": 26
  },
  "18": {
    "precision": 0.3333333333333333,
    "recall": 0.03125,
    "f1-score": 0.05714285714285714,
    "support": 32
  },
  "19": {
    "precision": 0.17391304347826086,
    "recall": 0.13793103448275862,
    "f1-score": 0.15384615384615385,
    "support": 29
  },
  "20": {
    "precision": 0.0,
    "recall": 0.0,
    "f1-score": 0.0,
    "support": 43
  },
  "21": {
    "precision": 0.0,
    "recall": 0.0,
    "f1-score": 0.0,
    "support": 34
  },
  "22": {
    "precision": 0.0,
    "recall": 0.0,
    "f1-score": 0.0,
    "support": 30
  },
  "23": {
    "precision": 0.0,
    "recall": 0.0,
    "f1-score": 0.0,
    "support": 29
  },
  "24": {
    "precision": 0.0,
    "recall": 0.0,
    "f1-score": 0.0,
    "support": 32
  },
  "25": {
    "precision": 0.0,
    "recall": 0.0,
    "f1-score": 0.0,
    "support": 27
  },
  "accuracy": 0.1011764705882353,
  "macro avg": {
    "precision": 0.09528879529627879,
    "recall": 0.0961502906565287,
    "f1-score": 0.05279438719146638,
    "support": 850
  },
  "weighted avg": {
    "precision": 0.09216590021955978,
    "recall": 0.1011764705882353,
    "f1-score": 0.05572012994963317,
    "support": 850
  }
}