{
  "0": {
    "precision": 0.18181818181818182,
    "recall": 0.13333333333333333,
    "f1-score": 0.15384615384615383,
    "support": 15
  },
  "1": {
    "precision": 0.6190476190476191,
    "recall": 0.43333333333333335,
    "f1-score": 0.5098039215686274,
    "support": 30
  },
  "2": {
    "precision": 0.2777777777777778,
    "recall": 0.3333333333333333,
    "f1-score": 0.303030303030303,
    "support": 15
  },
  "3": {
    "precision": 0.25,
    "recall": 0.42857142857142855,
    "f1-score": 0.3157894736842105,
    "support": 14
  },
  "accuracy": 0.35135135135135137,
  "macro avg": {
    "precision": 0.3321608946608947,
    "recall": 0.33214285714285713,
    "f1-score": 0.3206174630323237,
    "support": 74
  },
  "weighted avg": {
    "precision": 0.39142389142389145,
    "recall": 0.35135135135135137,
    "f1-score": 0.359031312591684,
    "support": 74
  }
}