{
  "0": {
    "precision": 0.75,
    "recall": 0.2,
    "f1-score": 0.31578947368421056,
    "support": 15
  },
  "1": {
    "precision": 0.6190476190476191,
    "recall": 0.43333333333333335,
    "f1-score": 0.5098039215686274,
    "support": 30
  },
  "2": {
    "precision": 0.20833333333333334,
    "recall": 0.3333333333333333,
    "f1-score": 0.25641025641025644,
    "support": 15
  },
  "3": {
    "precision": 0.2,
    "recall": 0.35714285714285715,
    "f1-score": 0.25641025641025644,
    "support": 14
  },
  "accuracy": 0.35135135135135137,
  "macro avg": {
    "precision": 0.44434523809523807,
    "recall": 0.33095238095238094,
    "f1-score": 0.3346034770183377,
    "support": 74
  },
  "weighted avg": {
    "precision": 0.4830598455598455,
    "recall": 0.35135135135135137,
    "f1-score": 0.3711737457867489,
    "support": 74
  }
}