{
  "0": {
    "precision": 0.3888888888888889,
    "recall": 0.4666666666666667,
    "f1-score": 0.42424242424242425,
    "support": 15.0
  },
  "1": {
    "precision": 0.7777777777777778,
    "recall": 0.23333333333333334,
    "f1-score": 0.35897435897435903,
    "support": 30.0
  },
  "2": {
    "precision": 0.3191489361702128,
    "recall": 1.0,
    "f1-score": 0.48387096774193555,
    "support": 15.0
  },
  "3": {
    "precision": 0.0,
    "recall": 0.0,
    "f1-score": 0.0,
    "support": 14.0
  },
  "accuracy": 0.3918918918918919,
  "macro avg": {
    "precision": 0.3714539007092199,
    "recall": 0.425,
    "f1-score": 0.3167719377396797,
    "support": 74.0
  },
  "weighted avg": {
    "precision": 0.4588364960705386,
    "recall": 0.3918918918918919,
    "f1-score": 0.32960718444589415,
    "support": 74.0
  }
}