{
  "0": {
    "precision": 0.9704724409448819,
    "recall": 0.9610136452241715,
    "f1-score": 0.9657198824681685,
    "support": 513
  },
  "1": {
    "precision": 0.9616122840690979,
    "recall": 0.9709302325581395,
    "f1-score": 0.9662487945998072,
    "support": 516
  },
  "accuracy": 0.9659863945578231,
  "macro avg": {
    "precision": 0.9660423625069899,
    "recall": 0.9659719388911555,
    "f1-score": 0.9659843385339879,
    "support": 1029
  },
  "weighted avg": {
    "precision": 0.966029446826413,
    "recall": 0.9659863945578231,
    "f1-score": 0.965985109542926,
    "support": 1029
  }
}