{
  "0": {
    "precision": 0.18181818181818182,
    "recall": 0.13333333333333333,
    "f1-score": 0.15384615384615383,
    "support": 15
  },
  "1": {
    "precision": 0.5,
    "recall": 0.26666666666666666,
    "f1-score": 0.3478260869565218,
    "support": 30
  },
  "2": {
    "precision": 0.20833333333333334,
    "recall": 0.3333333333333333,
    "f1-score": 0.25641025641025644,
    "support": 15
  },
  "3": {
    "precision": 0.17391304347826086,
    "recall": 0.2857142857142857,
    "f1-score": 0.2162162162162162,
    "support": 14
  },
  "accuracy": 0.25675675675675674,
  "macro avg": {
    "precision": 0.26601613965744403,
    "recall": 0.25476190476190474,
    "f1-score": 0.24357467835728708,
    "support": 74
  },
  "weighted avg": {
    "precision": 0.31468993697254566,
    "recall": 0.25675675675675674,
    "f1-score": 0.2650764295887681,
    "support": 74
  }
}