{
  "0": {
    "precision": 0.974308300395257,
    "recall": 0.9610136452241715,
    "f1-score": 0.9676153091265947,
    "support": 513
  },
  "1": {
    "precision": 0.9617590822179732,
    "recall": 0.9748062015503876,
    "f1-score": 0.9682386910490857,
    "support": 516
  },
  "accuracy": 0.967930029154519,
  "macro avg": {
    "precision": 0.9680336913066151,
    "recall": 0.9679099233872795,
    "f1-score": 0.9679270000878402,
    "support": 1029
  },
  "weighted avg": {
    "precision": 0.968015397985657,
    "recall": 0.967930029154519,
    "f1-score": 0.9679279088078437,
    "support": 1029
  }
}