{
  "0": {
    "precision": 0.3333333333333333,
    "recall": 0.13333333333333333,
    "f1-score": 0.19047619047619044,
    "support": 15
  },
  "1": {
    "precision": 0.5555555555555556,
    "recall": 0.5,
    "f1-score": 0.5263157894736842,
    "support": 30
  },
  "2": {
    "precision": 0.3076923076923077,
    "recall": 0.26666666666666666,
    "f1-score": 0.28571428571428575,
    "support": 15
  },
  "3": {
    "precision": 0.32142857142857145,
    "recall": 0.6428571428571429,
    "f1-score": 0.4285714285714286,
    "support": 14
  },
  "accuracy": 0.40540540540540543,
  "macro avg": {
    "precision": 0.379502442002442,
    "recall": 0.3857142857142857,
    "f1-score": 0.35776942355889724,
    "support": 74
  },
  "weighted avg": {
    "precision": 0.41597366597366603,
    "recall": 0.40540540540540543,
    "f1-score": 0.39097744360902253,
    "support": 74
  }
}