{
  "0": {
    "precision": 0.6857142857142857,
    "recall": 0.6666666666666666,
    "f1-score": 0.676056338028169,
    "support": 36
  },
  "1": {
    "precision": 0.8153846153846154,
    "recall": 0.828125,
    "f1-score": 0.8217054263565892,
    "support": 64
  },
  "accuracy": 0.77,
  "macro avg": {
    "precision": 0.7505494505494505,
    "recall": 0.7473958333333333,
    "f1-score": 0.7488808821923791,
    "support": 100
  },
  "weighted avg": {
    "precision": 0.7687032967032966,
    "recall": 0.77,
    "f1-score": 0.769271754558358,
    "support": 100
  }
}