{
  "0": {
    "precision": 0.125,
    "recall": 0.06666666666666667,
    "f1-score": 0.08695652173913045,
    "support": 15
  },
  "1": {
    "precision": 0.6538461538461539,
    "recall": 0.5666666666666667,
    "f1-score": 0.6071428571428571,
    "support": 30
  },
  "2": {
    "precision": 0.2857142857142857,
    "recall": 0.26666666666666666,
    "f1-score": 0.2758620689655172,
    "support": 15
  },
  "3": {
    "precision": 0.19230769230769232,
    "recall": 0.35714285714285715,
    "f1-score": 0.25,
    "support": 14
  },
  "accuracy": 0.36486486486486486,
  "macro avg": {
    "precision": 0.31421703296703296,
    "recall": 0.3142857142857143,
    "f1-score": 0.3049903619618762,
    "support": 74
  },
  "weighted avg": {
    "precision": 0.3847081972081972,
    "recall": 0.36486486486486486,
    "f1-score": 0.3669806023629112,
    "support": 74
  }
}