{
  "0": {
    "precision": 0.16666666666666666,
    "recall": 0.06666666666666667,
    "f1-score": 0.09523809523809522,
    "support": 15
  },
  "1": {
    "precision": 0.5384615384615384,
    "recall": 0.4666666666666667,
    "f1-score": 0.5,
    "support": 30
  },
  "2": {
    "precision": 0.4,
    "recall": 0.26666666666666666,
    "f1-score": 0.32,
    "support": 15
  },
  "3": {
    "precision": 0.25,
    "recall": 0.5714285714285714,
    "f1-score": 0.34782608695652173,
    "support": 14
  },
  "accuracy": 0.36486486486486486,
  "macro avg": {
    "precision": 0.3387820512820513,
    "recall": 0.34285714285714286,
    "f1-score": 0.31576604554865423,
    "support": 74
  },
  "weighted avg": {
    "precision": 0.3804573804573804,
    "recall": 0.36486486486486486,
    "f1-score": 0.3526775222427396,
    "support": 74
  }
}