{
  "0": {
    "precision": 0.5,
    "recall": 0.26666666666666666,
    "f1-score": 0.3478260869565218,
    "support": 15
  },
  "1": {
    "precision": 0.45,
    "recall": 0.3,
    "f1-score": 0.36000000000000004,
    "support": 30
  },
  "2": {
    "precision": 0.3125,
    "recall": 0.3333333333333333,
    "f1-score": 0.3225806451612903,
    "support": 15
  },
  "3": {
    "precision": 0.26666666666666666,
    "recall": 0.5714285714285714,
    "f1-score": 0.36363636363636365,
    "support": 14
  },
  "accuracy": 0.35135135135135137,
  "macro avg": {
    "precision": 0.38229166666666664,
    "recall": 0.3678571428571428,
    "f1-score": 0.3485107739385439,
    "support": 74
  },
  "weighted avg": {
    "precision": 0.39757882882882883,
    "recall": 0.35135135135135137,
    "f1-score": 0.3506352712523821,
    "support": 74
  }
}