{
  "0": {
    "precision": 0.5,
    "recall": 0.13333333333333333,
    "f1-score": 0.2105263157894737,
    "support": 15
  },
  "1": {
    "precision": 0.5769230769230769,
    "recall": 0.5,
    "f1-score": 0.5357142857142857,
    "support": 30
  },
  "2": {
    "precision": 0.30434782608695654,
    "recall": 0.4666666666666667,
    "f1-score": 0.3684210526315789,
    "support": 15
  },
  "3": {
    "precision": 0.2857142857142857,
    "recall": 0.42857142857142855,
    "f1-score": 0.34285714285714286,
    "support": 14
  },
  "accuracy": 0.40540540540540543,
  "macro avg": {
    "precision": 0.4167462971810798,
    "recall": 0.3821428571428572,
    "f1-score": 0.3643796992481203,
    "support": 74
  },
  "weighted avg": {
    "precision": 0.45098526620265744,
    "recall": 0.40540540540540543,
    "f1-score": 0.3994005283478968,
    "support": 74
  }
}