{
  "0": {
    "precision": 0.8205128205128205,
    "recall": 0.8888888888888888,
    "f1-score": 0.8533333333333333,
    "support": 36
  },
  "1": {
    "precision": 0.9344262295081968,
    "recall": 0.890625,
    "f1-score": 0.9120000000000001,
    "support": 64
  },
  "accuracy": 0.89,
  "macro avg": {
    "precision": 0.8774695250105087,
    "recall": 0.8897569444444444,
    "f1-score": 0.8826666666666667,
    "support": 100
  },
  "weighted avg": {
    "precision": 0.8934174022698613,
    "recall": 0.89,
    "f1-score": 0.8908800000000001,
    "support": 100
  }
}