{
  "0": {
    "precision": 0.36363636363636365,
    "recall": 0.26666666666666666,
    "f1-score": 0.30769230769230765,
    "support": 15
  },
  "1": {
    "precision": 0.5454545454545454,
    "recall": 0.4,
    "f1-score": 0.4615384615384615,
    "support": 30
  },
  "2": {
    "precision": 0.23529411764705882,
    "recall": 0.26666666666666666,
    "f1-score": 0.25,
    "support": 15
  },
  "3": {
    "precision": 0.2916666666666667,
    "recall": 0.5,
    "f1-score": 0.3684210526315789,
    "support": 14
  },
  "accuracy": 0.36486486486486486,
  "macro avg": {
    "precision": 0.35901292335115864,
    "recall": 0.35833333333333334,
    "f1-score": 0.34691295546558704,
    "support": 74
  },
  "weighted avg": {
    "precision": 0.3977152285975816,
    "recall": 0.36486486486486486,
    "f1-score": 0.3698572053835212,
    "support": 74
  }
}