{
  "0": {
    "precision": 0.2127659574468085,
    "recall": 0.6666666666666666,
    "f1-score": 0.3225806451612903,
    "support": 15
  },
  "1": {
    "precision": 0.47619047619047616,
    "recall": 0.3333333333333333,
    "f1-score": 0.39215686274509803,
    "support": 30
  },
  "2": {
    "precision": 0.3333333333333333,
    "recall": 0.13333333333333333,
    "f1-score": 0.19047619047619044,
    "support": 15
  },
  "3": {
    "precision": 0.0,
    "recall": 0.0,
    "f1-score": 0.0,
    "support": 14
  },
  "accuracy": 0.2972972972972973,
  "macro avg": {
    "precision": 0.2555724417426545,
    "recall": 0.2833333333333333,
    "f1-score": 0.2263034245956447,
    "support": 74
  },
  "weighted avg": {
    "precision": 0.30374599523535695,
    "recall": 0.2972972972972973,
    "f1-score": 0.26298051914750203,
    "support": 74
  }
}