{
  "0": {
    "precision": 0.9646365422396856,
    "recall": 0.9571150097465887,
    "f1-score": 0.9608610567514677,
    "support": 513
  },
  "1": {
    "precision": 0.9576923076923077,
    "recall": 0.9651162790697675,
    "f1-score": 0.9613899613899615,
    "support": 516
  },
  "accuracy": 0.9611273080660836,
  "macro avg": {
    "precision": 0.9611644249659967,
    "recall": 0.9611156444081781,
    "f1-score": 0.9611255090707146,
    "support": 1029
  },
  "weighted avg": {
    "precision": 0.9611543021751114,
    "recall": 0.9611273080660836,
    "f1-score": 0.9611262800687299,
    "support": 1029
  }
}