{
  "0": {
    "precision": 0.2,
    "recall": 0.06666666666666667,
    "f1-score": 0.1,
    "support": 15
  },
  "1": {
    "precision": 0.56,
    "recall": 0.4666666666666667,
    "f1-score": 0.509090909090909,
    "support": 30
  },
  "2": {
    "precision": 0.2857142857142857,
    "recall": 0.13333333333333333,
    "f1-score": 0.18181818181818182,
    "support": 15
  },
  "3": {
    "precision": 0.1891891891891892,
    "recall": 0.5,
    "f1-score": 0.2745098039215686,
    "support": 14
  },
  "accuracy": 0.32432432432432434,
  "macro avg": {
    "precision": 0.30872586872586877,
    "recall": 0.29166666666666663,
    "f1-score": 0.26635472370766483,
    "support": 74
  },
  "weighted avg": {
    "precision": 0.3612751747886883,
    "recall": 0.32432432432432434,
    "f1-score": 0.3154478007419184,
    "support": 74
  }
}