{
  "0": {
    "precision": 0.9333333333333333,
    "recall": 0.7777777777777778,
    "f1-score": 0.8484848484848485,
    "support": 36
  },
  "1": {
    "precision": 0.8857142857142857,
    "recall": 0.96875,
    "f1-score": 0.9253731343283582,
    "support": 64
  },
  "accuracy": 0.9,
  "macro avg": {
    "precision": 0.9095238095238095,
    "recall": 0.8732638888888888,
    "f1-score": 0.8869289914066034,
    "support": 100
  },
  "weighted avg": {
    "precision": 0.9028571428571428,
    "recall": 0.9,
    "f1-score": 0.8976933514246948,
    "support": 100
  }
}