{
  "0": {
    "precision": 0.8157894736842105,
    "recall": 0.8611111111111112,
    "f1-score": 0.8378378378378377,
    "support": 36
  },
  "1": {
    "precision": 0.9193548387096774,
    "recall": 0.890625,
    "f1-score": 0.9047619047619047,
    "support": 64
  },
  "accuracy": 0.88,
  "macro avg": {
    "precision": 0.8675721561969439,
    "recall": 0.8758680555555556,
    "f1-score": 0.8712998712998712,
    "support": 100
  },
  "weighted avg": {
    "precision": 0.8820713073005093,
    "recall": 0.88,
    "f1-score": 0.8806692406692406,
    "support": 100
  }
}