{
  "0": {
    "precision": 0.0,
    "recall": 0.0,
    "f1-score": 0.0,
    "support": 15
  },
  "1": {
    "precision": 0.25,
    "recall": 0.1,
    "f1-score": 0.14285714285714288,
    "support": 30
  },
  "2": {
    "precision": 0.3,
    "recall": 0.6,
    "f1-score": 0.4,
    "support": 15
  },
  "3": {
    "precision": 0.1724137931034483,
    "recall": 0.35714285714285715,
    "f1-score": 0.23255813953488377,
    "support": 14
  },
  "accuracy": 0.22972972972972974,
  "macro avg": {
    "precision": 0.18060344827586208,
    "recall": 0.2642857142857143,
    "f1-score": 0.19385382059800668,
    "support": 74
  },
  "weighted avg": {
    "precision": 0.19478098788443615,
    "recall": 0.22972972972972974,
    "f1-score": 0.18299362485409,
    "support": 74
  }
}