{
  "0": {
    "precision": 0.5,
    "recall": 0.2,
    "f1-score": 0.28571428571428575,
    "support": 15
  },
  "1": {
    "precision": 0.625,
    "recall": 0.5,
    "f1-score": 0.5555555555555556,
    "support": 30
  },
  "2": {
    "precision": 0.35714285714285715,
    "recall": 0.3333333333333333,
    "f1-score": 0.3448275862068965,
    "support": 15
  },
  "3": {
    "precision": 0.26666666666666666,
    "recall": 0.5714285714285714,
    "f1-score": 0.36363636363636365,
    "support": 14
  },
  "accuracy": 0.4189189189189189,
  "macro avg": {
    "precision": 0.43720238095238095,
    "recall": 0.40119047619047615,
    "f1-score": 0.3874334477782754,
    "support": 74
  },
  "weighted avg": {
    "precision": 0.47757400257400257,
    "recall": 0.4189189189189189,
    "f1-score": 0.4218338356269391,
    "support": 74
  }
}