{
  "0": {
    "precision": 0.9761431411530815,
    "recall": 0.9571150097465887,
    "f1-score": 0.9665354330708661,
    "support": 513
  },
  "1": {
    "precision": 0.9581749049429658,
    "recall": 0.9767441860465116,
    "f1-score": 0.9673704414587332,
    "support": 516
  },
  "accuracy": 0.966958211856171,
  "macro avg": {
    "precision": 0.9671590230480236,
    "recall": 0.9669295978965502,
    "f1-score": 0.9669529372647996,
    "support": 1029
  },
  "weighted avg": {
    "precision": 0.967132830283869,
    "recall": 0.966958211856171,
    "f1-score": 0.9669541544781931,
    "support": 1029
  }
}