{
  "0": {
    "precision": 0.0,
    "recall": 0.0,
    "f1-score": 0.0,
    "support": 15
  },
  "1": {
    "precision": 0.48484848484848486,
    "recall": 0.5333333333333333,
    "f1-score": 0.507936507936508,
    "support": 30
  },
  "2": {
    "precision": 0.2857142857142857,
    "recall": 0.26666666666666666,
    "f1-score": 0.2758620689655172,
    "support": 15
  },
  "3": {
    "precision": 0.22727272727272727,
    "recall": 0.35714285714285715,
    "f1-score": 0.2777777777777778,
    "support": 14
  },
  "accuracy": 0.33783783783783783,
  "macro avg": {
    "precision": 0.24945887445887446,
    "recall": 0.2892857142857143,
    "f1-score": 0.26539408866995073,
    "support": 74
  },
  "weighted avg": {
    "precision": 0.2974727974727974,
    "recall": 0.33783783783783783,
    "f1-score": 0.3143907454252282,
    "support": 74
  }
}