{
  "0": {
    "precision": 0.6666666666666666,
    "recall": 0.8888888888888888,
    "f1-score": 0.761904761904762,
    "support": 36
  },
  "1": {
    "precision": 0.9230769230769231,
    "recall": 0.75,
    "f1-score": 0.8275862068965517,
    "support": 64
  },
  "accuracy": 0.8,
  "macro avg": {
    "precision": 0.7948717948717949,
    "recall": 0.8194444444444444,
    "f1-score": 0.7947454844006568,
    "support": 100
  },
  "weighted avg": {
    "precision": 0.8307692307692308,
    "recall": 0.8,
    "f1-score": 0.8039408866995075,
    "support": 100
  }
}