{
  "0": {
    "precision": 0.3333333333333333,
    "recall": 0.06666666666666667,
    "f1-score": 0.1111111111111111,
    "support": 15
  },
  "1": {
    "precision": 0.4444444444444444,
    "recall": 0.4,
    "f1-score": 0.4210526315789474,
    "support": 30
  },
  "2": {
    "precision": 0.16666666666666666,
    "recall": 0.2,
    "f1-score": 0.1818181818181818,
    "support": 15
  },
  "3": {
    "precision": 0.19230769230769232,
    "recall": 0.35714285714285715,
    "f1-score": 0.25,
    "support": 14
  },
  "accuracy": 0.28378378378378377,
  "macro avg": {
    "precision": 0.2841880341880342,
    "recall": 0.255952380952381,
    "f1-score": 0.24099548112706007,
    "support": 74
  },
  "weighted avg": {
    "precision": 0.3179140679140679,
    "recall": 0.28378378378378377,
    "f1-score": 0.27737186947713266,
    "support": 74
  }
}