{
  "0": {
    "precision": 0.9702970297029703,
    "recall": 0.9551656920077972,
    "f1-score": 0.9626719056974459,
    "support": 513
  },
  "1": {
    "precision": 0.9561068702290076,
    "recall": 0.9709302325581395,
    "f1-score": 0.9634615384615385,
    "support": 516
  },
  "accuracy": 0.9630709426627794,
  "macro avg": {
    "precision": 0.963201949965989,
    "recall": 0.9630479622829684,
    "f1-score": 0.9630667220794922,
    "support": 1029
  },
  "weighted avg": {
    "precision": 0.9631812646023243,
    "recall": 0.9630709426627794,
    "f1-score": 0.9630678731476614,
    "support": 1029
  }
}