{
  "0": {
    "precision": 0.7894736842105263,
    "recall": 0.8333333333333334,
    "f1-score": 0.8108108108108109,
    "support": 36
  },
  "1": {
    "precision": 0.9032258064516129,
    "recall": 0.875,
    "f1-score": 0.8888888888888888,
    "support": 64
  },
  "accuracy": 0.86,
  "macro avg": {
    "precision": 0.8463497453310695,
    "recall": 0.8541666666666667,
    "f1-score": 0.8498498498498499,
    "support": 100
  },
  "weighted avg": {
    "precision": 0.8622750424448218,
    "recall": 0.86,
    "f1-score": 0.8607807807807808,
    "support": 100
  }
}