{
  "0": {
    "precision": 0.6666666666666666,
    "recall": 0.13333333333333333,
    "f1-score": 0.2222222222222222,
    "support": 15
  },
  "1": {
    "precision": 0.5666666666666667,
    "recall": 0.5666666666666667,
    "f1-score": 0.5666666666666667,
    "support": 30
  },
  "2": {
    "precision": 0.26666666666666666,
    "recall": 0.26666666666666666,
    "f1-score": 0.26666666666666666,
    "support": 15
  },
  "3": {
    "precision": 0.3076923076923077,
    "recall": 0.5714285714285714,
    "f1-score": 0.4,
    "support": 14
  },
  "accuracy": 0.4189189189189189,
  "macro avg": {
    "precision": 0.4519230769230769,
    "recall": 0.3845238095238095,
    "f1-score": 0.36388888888888893,
    "support": 74
  },
  "weighted avg": {
    "precision": 0.47713097713097713,
    "recall": 0.4189189189189189,
    "f1-score": 0.4045045045045045,
    "support": 74
  }
}