{
  "0": {
    "precision": 0.14285714285714285,
    "recall": 0.06666666666666667,
    "f1-score": 0.09090909090909091,
    "support": 15
  },
  "1": {
    "precision": 0.4666666666666667,
    "recall": 0.23333333333333334,
    "f1-score": 0.31111111111111117,
    "support": 30
  },
  "2": {
    "precision": 0.2631578947368421,
    "recall": 0.3333333333333333,
    "f1-score": 0.29411764705882354,
    "support": 15
  },
  "3": {
    "precision": 0.15151515151515152,
    "recall": 0.35714285714285715,
    "f1-score": 0.21276595744680848,
    "support": 14
  },
  "accuracy": 0.24324324324324326,
  "macro avg": {
    "precision": 0.2560492139439508,
    "recall": 0.24761904761904763,
    "f1-score": 0.2272259516314585,
    "support": 74
  },
  "weighted avg": {
    "precision": 0.30015456331245804,
    "recall": 0.24324324324324326,
    "f1-score": 0.24442510550145094,
    "support": 74
  }
}