{
  "0": {
    "precision": 0.974,
    "recall": 0.949317738791423,
    "f1-score": 0.9615004935834156,
    "support": 513
  },
  "1": {
    "precision": 0.9508506616257089,
    "recall": 0.9748062015503876,
    "f1-score": 0.9626794258373205,
    "support": 516
  },
  "accuracy": 0.9620991253644315,
  "macro avg": {
    "precision": 0.9624253308128544,
    "recall": 0.9620619701709052,
    "f1-score": 0.962089959710368,
    "support": 1029
  },
  "weighted avg": {
    "precision": 0.9623915854216382,
    "recall": 0.9620991253644315,
    "f1-score": 0.9620916782705049,
    "support": 1029
  }
}