{
  "0": {
    "precision": 0.5555555555555556,
    "recall": 0.6944444444444444,
    "f1-score": 0.6172839506172839,
    "support": 36
  },
  "1": {
    "precision": 0.8,
    "recall": 0.6875,
    "f1-score": 0.7394957983193278,
    "support": 64
  },
  "accuracy": 0.69,
  "macro avg": {
    "precision": 0.6777777777777778,
    "recall": 0.6909722222222222,
    "f1-score": 0.6783898744683059,
    "support": 100
  },
  "weighted avg": {
    "precision": 0.7120000000000001,
    "recall": 0.69,
    "f1-score": 0.6954995331465921,
    "support": 100
  }
}