{
  "0": {
    "precision": 0.14285714285714285,
    "recall": 0.06666666666666667,
    "f1-score": 0.09090909090909091,
    "support": 15
  },
  "1": {
    "precision": 0.6363636363636364,
    "recall": 0.4666666666666667,
    "f1-score": 0.5384615384615385,
    "support": 30
  },
  "2": {
    "precision": 0.42857142857142855,
    "recall": 0.4,
    "f1-score": 0.4137931034482759,
    "support": 15
  },
  "3": {
    "precision": 0.25806451612903225,
    "recall": 0.5714285714285714,
    "f1-score": 0.35555555555555557,
    "support": 14
  },
  "accuracy": 0.3918918918918919,
  "macro avg": {
    "precision": 0.36646418098031003,
    "recall": 0.3761904761904762,
    "f1-score": 0.34967982209361526,
    "support": 74
  },
  "weighted avg": {
    "precision": 0.4226383903803258,
    "recall": 0.3918918918918919,
    "f1-score": 0.3878669844187086,
    "support": 74
  }
}