{
  "0": {
    "precision": 0.985655737704918,
    "recall": 0.9376218323586745,
    "f1-score": 0.961038961038961,
    "support": 513
  },
  "1": {
    "precision": 0.9408502772643254,
    "recall": 0.9864341085271318,
    "f1-score": 0.9631031220435193,
    "support": 516
  },
  "accuracy": 0.9620991253644315,
  "macro avg": {
    "precision": 0.9632530074846217,
    "recall": 0.9620279704429031,
    "f1-score": 0.9620710415412401,
    "support": 1029
  },
  "weighted avg": {
    "precision": 0.9631876934023468,
    "recall": 0.9620991253644315,
    "f1-score": 0.9620740505222963,
    "support": 1029
  }
}