{
  "0": {
    "precision": 0.9705882352941176,
    "recall": 0.9649122807017544,
    "f1-score": 0.967741935483871,
    "support": 513
  },
  "1": {
    "precision": 0.9653179190751445,
    "recall": 0.9709302325581395,
    "f1-score": 0.9681159420289854,
    "support": 516
  },
  "accuracy": 0.967930029154519,
  "macro avg": {
    "precision": 0.9679530771846311,
    "recall": 0.9679212566299469,
    "f1-score": 0.9679289387564283,
    "support": 1029
  },
  "weighted avg": {
    "precision": 0.967945394507927,
    "recall": 0.967930029154519,
    "f1-score": 0.9679294839554735,
    "support": 1029
  }
}