{
  "0": {
    "precision": 0.25,
    "recall": 0.2,
    "f1-score": 0.22222222222222224,
    "support": 15
  },
  "1": {
    "precision": 0.5714285714285714,
    "recall": 0.4,
    "f1-score": 0.47058823529411764,
    "support": 30
  },
  "2": {
    "precision": 0.29411764705882354,
    "recall": 0.3333333333333333,
    "f1-score": 0.3125,
    "support": 15
  },
  "3": {
    "precision": 0.16666666666666666,
    "recall": 0.2857142857142857,
    "f1-score": 0.2105263157894737,
    "support": 14
  },
  "accuracy": 0.32432432432432434,
  "macro avg": {
    "precision": 0.32055322128851543,
    "recall": 0.3047619047619048,
    "f1-score": 0.3039591933264534,
    "support": 74
  },
  "weighted avg": {
    "precision": 0.37348588083882195,
    "recall": 0.32432432432432434,
    "f1-score": 0.33899795693526347,
    "support": 74
  }
}