{
  "0": {
    "precision": 0.5,
    "recall": 0.2,
    "f1-score": 0.28571428571428575,
    "support": 15
  },
  "1": {
    "precision": 0.65,
    "recall": 0.43333333333333335,
    "f1-score": 0.5199999999999999,
    "support": 30
  },
  "2": {
    "precision": 0.25,
    "recall": 0.26666666666666666,
    "f1-score": 0.2580645161290323,
    "support": 15
  },
  "3": {
    "precision": 0.25,
    "recall": 0.5714285714285714,
    "f1-score": 0.34782608695652173,
    "support": 14
  },
  "accuracy": 0.3783783783783784,
  "macro avg": {
    "precision": 0.4125,
    "recall": 0.3678571428571428,
    "f1-score": 0.3529012221999599,
    "support": 74
  },
  "weighted avg": {
    "precision": 0.46283783783783783,
    "recall": 0.3783783783783784,
    "f1-score": 0.38684117898704157,
    "support": 74
  }
}