{
  "0": {
    "precision": 0.0,
    "recall": 0.0,
    "f1-score": 0.0,
    "support": 15
  },
  "1": {
    "precision": 0.6,
    "recall": 0.4,
    "f1-score": 0.48,
    "support": 30
  },
  "2": {
    "precision": 0.3076923076923077,
    "recall": 0.26666666666666666,
    "f1-score": 0.28571428571428575,
    "support": 15
  },
  "3": {
    "precision": 0.2903225806451613,
    "recall": 0.6428571428571429,
    "f1-score": 0.4,
    "support": 14
  },
  "accuracy": 0.33783783783783783,
  "macro avg": {
    "precision": 0.29950372208436726,
    "recall": 0.32738095238095244,
    "f1-score": 0.2914285714285715,
    "support": 74
  },
  "weighted avg": {
    "precision": 0.36053919924887673,
    "recall": 0.33783783783783783,
    "f1-score": 0.3281853281853282,
    "support": 74
  }
}