{
  "0": {
    "precision": 0.8108108108108109,
    "recall": 0.8333333333333334,
    "f1-score": 0.8219178082191781,
    "support": 36
  },
  "1": {
    "precision": 0.9047619047619048,
    "recall": 0.890625,
    "f1-score": 0.8976377952755906,
    "support": 64
  },
  "accuracy": 0.87,
  "macro avg": {
    "precision": 0.8577863577863578,
    "recall": 0.8619791666666667,
    "f1-score": 0.8597778017473844,
    "support": 100
  },
  "weighted avg": {
    "precision": 0.8709395109395109,
    "recall": 0.87,
    "f1-score": 0.8703785999352821,
    "support": 100
  }
}