{
  "0": {
    "precision": 0.16666666666666666,
    "recall": 0.06666666666666667,
    "f1-score": 0.09523809523809522,
    "support": 15
  },
  "1": {
    "precision": 0.4,
    "recall": 0.2,
    "f1-score": 0.26666666666666666,
    "support": 30
  },
  "2": {
    "precision": 0.36,
    "recall": 0.6,
    "f1-score": 0.45,
    "support": 15
  },
  "3": {
    "precision": 0.2857142857142857,
    "recall": 0.5714285714285714,
    "f1-score": 0.38095238095238093,
    "support": 14
  },
  "accuracy": 0.32432432432432434,
  "macro avg": {
    "precision": 0.3030952380952381,
    "recall": 0.3595238095238095,
    "f1-score": 0.2982142857142857,
    "support": 74
  },
  "weighted avg": {
    "precision": 0.32297297297297295,
    "recall": 0.32432432432432434,
    "f1-score": 0.2907014157014157,
    "support": 74
  }
}