{
  "0": {
    "precision": 0.14285714285714285,
    "recall": 0.06666666666666667,
    "f1-score": 0.09090909090909091,
    "support": 15
  },
  "1": {
    "precision": 0.5714285714285714,
    "recall": 0.26666666666666666,
    "f1-score": 0.36363636363636365,
    "support": 30
  },
  "2": {
    "precision": 0.3,
    "recall": 0.4,
    "f1-score": 0.34285714285714286,
    "support": 15
  },
  "3": {
    "precision": 0.21212121212121213,
    "recall": 0.5,
    "f1-score": 0.2978723404255319,
    "support": 14
  },
  "accuracy": 0.2972972972972973,
  "macro avg": {
    "precision": 0.3066017316017316,
    "recall": 0.30833333333333335,
    "f1-score": 0.2738187344570323,
    "support": 74
  },
  "weighted avg": {
    "precision": 0.3615596115596115,
    "recall": 0.2972972972972973,
    "f1-score": 0.2916999619127279,
    "support": 74
  }
}